name,asin,price,price_parsed,old_price,old_price_parsed,strike_price,price_saving,currency,availability,shipping,prime,merchant_info,rating,reviews,categories,about,description,coupon_save,badge,summary_badge,short_url,url,ref_url,store_title,store_url,image_1,image_2,image_3,image_4,image_5,overview_age_range_(description),overview_base_material,overview_brand,overview_color,overview_finish_type,overview_item_weight,overview_mounting_type,overview_product_dimensions,overview_recommended_uses_for_product,overview_room_type,overview_shape_l-shape,overview_shape_rectangular,overview_size,overview_special_feature,overview_style,overview_top_material_type,overview_top_material_type_engineered_wood,overview_top_material_type_metal,overview_top_material_type_wood,position,query
"SEDETA L Shaped Office Desk, 66"" Home Office Desk with File Drawer & Power Outlet, Gaming Desk with Led Lights, Corner Computer Desk with Monitor Shelf, Printer Storage Shelves, Two Person Desk, Grey",B0CLGSV5X5,149.99,149.99,,,,0,$,In stock Usually ships within 2 to 3 days.,,FALSE,,4.4,2602,"Home & Kitchen, Furniture, Home Office Furniture, Home Office Desks","„ÄêConvertible Desk„Äë67 inch corner desk or 98.4 inch two person desk: The L shaped computer desk could hold three desktop computers and one notebook computer. The desktop size is 47""L*18.5""W and 48""L*18.5""W. Or 96.4 inch two person desk can hold two-person studying or writing no interference. The simple design and multi-function storage to meet all needs. An ideal desk for small rooms or limited spaces to create excellent home office space., „ÄêAmple Storage Space„ÄëComing with a file drawer, printer cabinet and 2 tier storage shelves, with powerful storage space. File cabinet can hold letter /A4/ legal size files. This solid constructed L shaped computer desk could hold printers, scanners, fax machines and any other office machines, keeps printer or scanner within easy reach of your desk to free up work space. CPU stand protects the host from moisture and dust. This L shaped computer desk is economic, meets different storage need., „ÄêMultipurpose Desktop Organizer„ÄëThe SEDETA computer desk provides fabric desktop organizer. Desktop organizer are made of breathable high-quality fabric, lightweight and does not need to be installed. Direct use, while providing sufficient storage space. This storage organizer is perfect for desk accessories, pencils, pens, painting pens, correction tape,scissors ,TV Remote and more. Our storage organizer will allow for you to save space and keep an organized and neat feel for your desktop., „ÄêCool & Smart Led Light Strips „ÄëThe Sedeta gaming desk comes with RGB LED light strip, remote control via APP, Over 60000 colors and 29 flashing modes for your to choose. Led light strip with music sync function, built-in sensitivity adjustable mic, led light color will change with the rhythm of the sound and music. And with timer function, just enjoy it in a smart way, create gaming and working atmosphere. Light Up Your Gaming with LED Light Strip., „ÄêFor Health„ÄëThe monitor shelf conforms to the ergonomic structure, which effectively reduces the pressure on the back and neck, so that you don't need to worry too much about health problems when you were working. At the same time, a headset hook is provided on the side, so that the headset is at your hand, and you don't need to worry about finding headphones for playing games.Our charging station includes 4-Outlet & 2 USB Ports to provide power for up to 6 devices simultaneously., „ÄêEasy Assemble & After-sales Service„ÄëTo make assembling this sturdy home office desk as effortless as possible, we have included clear and detailed instructions, numbered parts. If your item arrives damaged, scratched or missing part, please feel free to contact us, we will send you free replacement or offer a partial refund.","Previous page Next page 1 Home Office Desk 2 L Shaped Gaming Desk 3 Two Person Desk Multifunctional File Drawer - 4 Use Type Design Multipurpose Desk Organizer Desktop organizer are made of breathable high-quality fabric, lightweight and does not need to be installed. Direct use, while providing sufficient storage space. This storage organizer is perfect for desk accessories, pencils, pens, painting pens, correction tape, scissors, TV Remotes, and more. Previous page Next page 1 Charging Port 2 Monitor Riser 3 CPU Stand Cool & Smart Led Light Strips Previous page Next page Previous page Next page 1 High-quality Materials 2 Stable, Thick Metal Frame 3 Adjustable Leg Pads 4 Cable Management Grommets",,Amazon's Choice,,https://www.amazon.com/SEDETA-Computer-Monitor-Printer-Storage/dp/B0CLGSV5X5,https://www.amazon.com/SEDETA-Computer-Monitor-Printer-Storage/dp/B0CLGSV5X5/ref=sr_1_1?crid=CHSICPLSJDGN&dib=eyJ2IjoiMSJ9.UKhG84BaIUc1uVoxHhqU7Eg1ks7NdRty8KqnR1mACzJyshSaIAdELSrab9oPo0tfNBzBMkma-shjFzRo4XnO-uLOgB1H3leowoZIT2OyTXdgjM8qs9CpBjyFwf192ZM3j1JmMkLwUW0cVK8VorYzN-X-ITHRpXmo-vO4pAKoXdEr7ALfcXd5HVSFJf4unvRWg2rwaaXpM888Ojvi-RQDU10dHXMlPhjpx5b8hxrnQq-TL-Znl-OIw6gD0Rc0nuLHFOrZtaL3O3RF5ZG4QoC-VLYuNpGsqWn6i9fVG3bGsp8.LuTkW0MzBzfCY9RITIt2Bj16NSmUqGcMXPKbP4IfNpQ&dib_tag=se&keywords=office+desk&qid=1717862511&sprefix=office+desk%2Caps%2C114&sr=8-1,https://www.amazon.com/s?k=office+desk&crid=CHSICPLSJDGN&sprefix=office+desk%2Caps%2C114&ref=nb_sb_noss_1,SEDETA Store,https://www.amazon.com/stores/SEDETA/page/F2E758D3-459E-4586-AE86-64CE14019F8C?ref_=ast_bln&store_ref=bl_ast_dp_brandLogo_sto,https://m.media-amazon.com/images/I/51gIKnn0tHL.jpg,https://m.media-amazon.com/images/I/41jZVhb0aRL.jpg,https://m.media-amazon.com/images/I/51fgH5ZOTzL.jpg,https://m.media-amazon.com/images/I/51qDPhjkAWL.jpg,https://m.media-amazon.com/images/I/51eMf8Kv3tL.jpg,,Engineered Wood,SEDETA,Grey,Powder Coated,,Floor Mount,"48""D x 66.9""W x 34.6""H",Working,Study Room,Desk design Ladder Desk,,,"Monitor Stand, Led Lights, File Drawer & Power Outlet",Modern,,Number of Drawers 1,,,1,https://www.amazon.com/s?k=office+desk&crid=CHSICPLSJDGN&sprefix=office+desk%2Caps%2C114&ref=nb_sb_noss_1
"CubiCubi 47 Inch Small L Shaped Computer Desk with Storage Shelves Home Office Corner Desk Study Writing Table, Deep Brown",B09J4V4P3M,84.99,84.99,$84.99 ,84.99,,0,$,In Stock Only 1 left in stock - order soon.,,TRUE,,4.5,2404,"Home & Kitchen, Furniture, Home Office Furniture, Home Office Desks","Enrich Your Use Space: The L shaped desk with storage shelves provide spacious space allow you to store unlimited office supllices, and the storage bag releases you from trouble of messy small stuffs. Keep your desktop tidy., Reversible Design: The corner desk can be installed on the left or right side according to your needs, good choice for your bedroom, study and office., Stability Construction: CubiCubi computer corner desk is constructed of premium metal frame & high-quality MDF Board, X-shaped crossbar provide extra stability which is durable enough to strongly support the stuff on it., Simple Design & Multifunction : The L shaped desk works perfectly as a computer desk, gaming desk, office desk, work desk and study desk, ideal for bedroom, home office or in dormitory., Easy Assembly & Worry-free Service: With detailed instruction and all tools needed for assembly, it will not take much time for installation; We provide professional customer support. If you have any problems related to our desk, please feel free to contact CubiCubi customer service at your earliest convenience",,,Amazon's Choice,Overall Pick,https://www.amazon.com/CubiCubi-Computer-Storage-Shelves-Writing/dp/B09J4V4P3M,https://www.amazon.com/CubiCubi-Computer-Storage-Shelves-Writing/dp/B09J4V4P3M/ref=sr_1_2?crid=CHSICPLSJDGN&dib=eyJ2IjoiMSJ9.UKhG84BaIUc1uVoxHhqU7Eg1ks7NdRty8KqnR1mACzJyshSaIAdELSrab9oPo0tfNBzBMkma-shjFzRo4XnO-uLOgB1H3leowoZIT2OyTXdgjM8qs9CpBjyFwf192ZM3j1JmMkLwUW0cVK8VorYzN-X-ITHRpXmo-vO4pAKoXdEr7ALfcXd5HVSFJf4unvRWg2rwaaXpM888Ojvi-RQDU10dHXMlPhjpx5b8hxrnQq-TL-Znl-OIw6gD0Rc0nuLHFOrZtaL3O3RF5ZG4QoC-VLYuNpGsqWn6i9fVG3bGsp8.LuTkW0MzBzfCY9RITIt2Bj16NSmUqGcMXPKbP4IfNpQ&dib_tag=se&keywords=office+desk&qid=1717862511&sprefix=office+desk%2Caps%2C114&sr=8-2,https://www.amazon.com/s?k=office+desk&crid=CHSICPLSJDGN&sprefix=office+desk%2Caps%2C114&ref=nb_sb_noss_1,CubiCubi Store,https://www.amazon.com/stores/CubiCubi/page/2BCA7720-8455-4DC6-8731-A1FFEF27BF7F?ref_=ast_bln&store_ref=bl_ast_dp_brandLogo_sto,https://m.media-amazon.com/images/I/51sHw7TF1EL.jpg,https://m.media-amazon.com/images/I/51NDhGTDHHL.jpg,https://m.media-amazon.com/images/I/51KKfUr2AXL.jpg,https://m.media-amazon.com/images/I/51dtM-Bj+5L.jpg,https://m.media-amazon.com/images/I/51RdzRL6tlL.jpg,,Metal,CubiCubi,Deep Brown,Wood,,Floor Mount,"27.5""D x 47""W x 28.7""H",Working,"Bedroom, Living Room, Dining Room, Kitchen, Kids, Nursery, Bathroom, Home Office",Desk design Computer Desk,,,Bagged,Modern,,Number of Drawers 1,,,2,https://www.amazon.com/s?k=office+desk&crid=CHSICPLSJDGN&sprefix=office+desk%2Caps%2C114&ref=nb_sb_noss_1
"L Shaped Desk - 43 Inch Gaming Desk, Computer Corner Desk, Home Office Writing Desk with Shelf, Space-Saving Workstation Table, Modern Simple Wooden Desk, Rustic Brown",B0CW1M61CL,54.98,54.98,$67.98 ,67.98,,0,$,In Stock,,TRUE,,4.4,1603,"Home & Kitchen, Furniture, Home Office Furniture, Home Office Desks","Large Desktop & Multi-Function Dimensions: 43.3 W x 30.7 D x 29.5 H. Weight: 28.66 lbs. This L shaped desk provides spacious workstation for writing, studying, gaming and other home office activities., Reversible Shelves & Perfect for Corner Space Aseembly the side shelves of the L shaped gaming desk on your left or right depending how you arrange your space, which is fairly suit for corner small space. This allows for great use of the corner spaces., 2-Tier Storage Shelf Corner desk with 2 tier open shelf provide an ample storage space for desk use. That helps to get anything in reach at work. Meanwhile, the large space (33.85 *18.9 * 29.4) under the desk helps to relax legs during long working hours., Durable & Sturdy Construction With premium metal frame & high-quality MDF Board, this L shaped computer desk ensures stability and durability. The desktop is anti-scratching, waterproof and easy to clean., Easy to assemble Including detailed assembly instructions, user manual, complete parts and necessary assembly tools, installation a desk becomes a easy thing.","WOODYNLUX L Shaped Desk - Gaming Desk, Computer Corner Desk, Home Office Writing Desk with Shelf, Space-saving Workstation Table, Modern Simple Wooden Desk, Rustic Brown",,Amazon's Choice Amazon's Choice,,https://www.amazon.com/WOODYNLUX-Shaped-Desk-Space-Saving-Workstation/dp/B0CW1M61CL,https://www.amazon.com/WOODYNLUX-Shaped-Desk-Space-Saving-Workstation/dp/B0CW1M61CL/ref=sr_1_3?crid=CHSICPLSJDGN&dib=eyJ2IjoiMSJ9.UKhG84BaIUc1uVoxHhqU7Eg1ks7NdRty8KqnR1mACzJyshSaIAdELSrab9oPo0tfNBzBMkma-shjFzRo4XnO-uLOgB1H3leowoZIT2OyTXdgjM8qs9CpBjyFwf192ZM3j1JmMkLwUW0cVK8VorYzN-X-ITHRpXmo-vO4pAKoXdEr7ALfcXd5HVSFJf4unvRWg2rwaaXpM888Ojvi-RQDU10dHXMlPhjpx5b8hxrnQq-TL-Znl-OIw6gD0Rc0nuLHFOrZtaL3O3RF5ZG4QoC-VLYuNpGsqWn6i9fVG3bGsp8.LuTkW0MzBzfCY9RITIt2Bj16NSmUqGcMXPKbP4IfNpQ&dib_tag=se&keywords=office+desk&qid=1717862511&sprefix=office+desk%2Caps%2C114&sr=8-3,https://www.amazon.com/s?k=office+desk&crid=CHSICPLSJDGN&sprefix=office+desk%2Caps%2C114&ref=nb_sb_noss_1,WOODYNLUX Store,https://www.amazon.com/stores/WOODYNLUXfurniture/page/BA0BA7E4-32BA-44AB-AFDE-72A14855D436?ref_=ast_bln&store_ref=bl_ast_dp_brandLogo_sto,https://m.media-amazon.com/images/I/41+PKwULGiL.jpg,https://m.media-amazon.com/images/I/51w7Au5CdOL.jpg,https://m.media-amazon.com/images/I/41G3F8JwPfL.jpg,https://m.media-amazon.com/images/I/51gJdfTyZwL.jpg,https://m.media-amazon.com/images/I/41p357Mx67L.jpg,Adult,Storage,WOODYNLUX,Rustic Brown,Wood,0.23 Pounds,,"30.7""D x 43.3""W x 29.5""H",,,,Desk design Armoire Desk,43 inch,Unlit,Modern,,Number of Drawers 2,,,3,https://www.amazon.com/s?k=office+desk&crid=CHSICPLSJDGN&sprefix=office+desk%2Caps%2C114&ref=nb_sb_noss_1
"ODK Office Small Computer Desk: Home Table with Fabric Drawers & Storage Shelves, Modern Writing Desk, White, 48""x16""",B0BV9R9GN5,129.99,129.99,$159.99 ,159.99,,0,$,In Stock,,TRUE,,4.4,1625,"Home & Kitchen, Furniture, Home Office Furniture, Home Office Desks","üëâ„ÄêLarge Storage Capacity Desk with Drawers„ÄëThis desk table is designed with 3 easy to assemble fabric drawers that give a nice amount of storage for everything else you need during your work day or study day. The 3 storage drawers can stash things away. Perfect for placing your documents, office or school supplies, gaming equipment etc. You will always have an organized desktop after owing it., üëâ„ÄêComputer Desk with Storage Shelves„ÄëThis desk with storage allows for an ample storage space, giving you a cleaner looking desk top, besides the desk shelves is removable, it can serve as a 2 tiers bookshelf, but also as a organizer. Both of two sides meet for your different storage needs in home or office. Having the work- from-home desk for your happy life., üëâ„ÄêAll-in-one Versatility Computer Desk„ÄëThe perfect desktop size (47.3 inch*15.7inch) fits your laptop, books and 3 large capacity fabric drawers (each drawer can support up to 8 lb, about 2 laptops). Ample room for all of your office or work- from-home needs! The detachable underneath storage shelves of the desk can be placed in any size so it works perfect for any usage. (Eg: books, organizer.) There are also a lot more legroom and space for you., üëâ„ÄêSturdy & Attractive Desk Table„ÄëThe metal leg and wood desktop together makes this desk a tank in the desk world. This construction design keep your table be no wobble while typing, writing or gaming. Even serving as your office desk, study writing table, gaming desk. The industrial desk design also match the rest of your furniture. You can enjoy sturdy and fashion design all in one desk., üëâ„ÄêEasy Assembly & After-sale Service„ÄëThe desk come with detailed instructions, all parts are clearly labeled, what you need to do is following instructions step-by-step. If your ODK desk arrives damaged, missing part or scratched, please feel free to contact us, our professional customer support team will help you solve the problem within 24 hours.","Previous page Next page 1 Removable Shelf 2 Fabric Drawer 3 Strong and Stable Frame 4 The adjustable Foot Mats See Video for More Previous page Next page A clean and simple look that fits just about anywhere 1 Study Desk 2 Home Office Desk 3 Office Desk 4 Vanity Desk Other ODK Products Selected for You ODK Computer Desk Add to Cart ODK L Shaped Desk Add to Cart ODK Small Desk Add to Cart ODK Office Desk Add to Cart ODK L Shaped Desk Add to Cart ODK Computer Desk Add to Cart ODK Computer Desk Add to Cart Customer Reviews 4.4 out of 5 stars 1,625 4.5 out of 5 stars 456 4.5 out of 5 stars 464 4.6 out of 5 stars 241 4.7 out of 5 stars 421 4.5 out of 5 stars 279 4.4 out of 5 stars 1,625 Price $129.99 $ 129 . 99 $179.99 $ 179 . 99 $67.88 $ 67 . 88 $119.99 $ 119 . 99 $129.99 $ 129 . 99 $119.99 $ 119 . 99 $129.99 $ 129 . 99 Drawers 3 Drawers 4 Drawers 2 Drawers 3 Drawers / / 3 Drawers Monitor Stand ‚úò ‚úî ‚úò ‚úî ‚úî ‚úî ‚úò Power Outlet / USB & Power Outlet / USB & Power Outlet USB & Power Outlet Power Outlet & USB / LED Light / / / LED Light LED Light / / Color Black/White/Vintage/Gold/Pink Black / White /Vintage Black/White/Vintage Black / White /Vintage Black/White/Vintage Black / White /Vintage Black/White/Vintage/Gold/Pink Size 48 inch 55 inch / 63 inch 32 inch/ 40 inch 40 inch/ 48 inch /55 inch 48 inch /58 inch/ 66 inch 40 inch/ 48 inch /55 inch 48 inch",,Amazon's Choice,Popular Brand Pick,https://www.amazon.com/ODK-Office-Small-Computer-Desk/dp/B0BV9R9GN5,https://www.amazon.com/ODK-Office-Small-Computer-Desk/dp/B0BV9R9GN5/ref=sr_1_4?crid=CHSICPLSJDGN&dib=eyJ2IjoiMSJ9.UKhG84BaIUc1uVoxHhqU7Eg1ks7NdRty8KqnR1mACzJyshSaIAdELSrab9oPo0tfNBzBMkma-shjFzRo4XnO-uLOgB1H3leowoZIT2OyTXdgjM8qs9CpBjyFwf192ZM3j1JmMkLwUW0cVK8VorYzN-X-ITHRpXmo-vO4pAKoXdEr7ALfcXd5HVSFJf4unvRWg2rwaaXpM888Ojvi-RQDU10dHXMlPhjpx5b8hxrnQq-TL-Znl-OIw6gD0Rc0nuLHFOrZtaL3O3RF5ZG4QoC-VLYuNpGsqWn6i9fVG3bGsp8.LuTkW0MzBzfCY9RITIt2Bj16NSmUqGcMXPKbP4IfNpQ&dib_tag=se&keywords=office+desk&qid=1717862511&sprefix=office+desk%2Caps%2C114&sr=8-4,https://www.amazon.com/s?k=office+desk&crid=CHSICPLSJDGN&sprefix=office+desk%2Caps%2C114&ref=nb_sb_noss_1,ODK Store,https://www.amazon.com/stores/ODK/page/388FAE25-D164-4135-A27B-C51108DFBEC5?ref_=ast_bln&store_ref=bl_ast_dp_brandLogo_sto,https://m.media-amazon.com/images/I/41+lqeXDtgL.jpg,https://m.media-amazon.com/images/I/51nGSm+GdPL.jpg,https://m.media-amazon.com/images/I/41SYLqnZr3L.jpg,https://m.media-amazon.com/images/I/41jwfckwIeL.jpg,https://m.media-amazon.com/images/I/41IrRZP7W6L.jpg,,Metal,ODK,White,Wood,,Floor Mount,"15.7""D x 47.3""W x 30.6""H","Working, Writing, Gaming","Office, Living Room, Classroom, Study Room",,Desk design Computer Desk,,Storage Shelves,Minimalist,,Number of Drawers 3,,,4,https://www.amazon.com/s?k=office+desk&crid=CHSICPLSJDGN&sprefix=office+desk%2Caps%2C114&ref=nb_sb_noss_1
Sweetcrispy Computer Desk - Office 48 Inch Writing Work Student Study Modern Simple StyleWooden Table with Storage Bag & Iron Hook for Home Bedroom - Rustic Brown,B0CK6HBHX3,39.99,39.99,$79.99 ,79.99,,0,$,In Stock,,TRUE,,4.6,2283,"Home & Kitchen, Furniture, Home Office Furniture, Home Office Desks","„ÄêDiversified Scenarios„ÄëThe office desk is designed with a modern simple style, suitable for different styles of scenes, such as living rooms, bedrooms, and offices. It is suitable for various users, such as children, teenagers, students, and teachers, serving as a study work desk., „ÄêDurable Design„ÄëThe writing desk is made of high-quality materials. The desktop is made of thick particle board, which is resistant to scratches, water, and damage, making it easy to clean. The metal frame and corner reinforcement structure provide reliable support for all day use, weighing up to 176 pounds., „ÄêMultipurpose Storage„ÄëThe home office desk is equipped with additional storage bag and hook, expanding the storage space. The bag can be used to organize various items such as miscellaneous items, books, and files, while the hooks provide convenience for hanging headphones, umbrellas, etc, effectively ensuring a clean and orderly desktop., „Äê Multiple Choices „Äë The wooden desk is perfect for homes, offices, bedrooms, reading rooms, study rooms, and more. 5 sizes can meet different space needs, and multiple colors can be paired with different decorative styles. This computer desk is also a great gift choice for friends or family during holidays, birthdays, and new years., „ÄêQuick Installation„ÄëEasy to assemble, the installation will take 20-30 minutes to complete. The package comes with all the hardware and components you need. Please note read the installation manual at first. If you have any questions, you can contact us and we will respond within 24 hours.","Hot Selling Desk Comparison Hot L-Shaped Desks Add to Cart Hot Mobile Desks Add to Cart Hot 40"" Drawers Desks Add to Cart Hot 48"" Drawers Desks See Details Customer Reviews 4.4 out of 5 stars 819 4.3 out of 5 stars 16 4.5 out of 5 stars 507 4.5 out of 5 stars 507 Price $59.99 $ 59 . 99 $53.99 $ 53 . 99 $49.99 $ 49 . 99 ‚Äî Color Rustic Brown Rustic Brown Rustic Brown Rustic Brown Function L-Shaped Desks with Storage Mobile Portable Desk Desk with Drawers Desk with Drawers Required Assembly ‚úî ‚úî ‚úî ‚úî Item Dimensions 50""D x 41.34""W x 29.13""H 25.7""D x 19""W x 37""H 39.37""D x 23.62""W x 29.72""H 48""D x 23.62""W x 29.72""H Material Wood, Metal Wood, Metal Wood, Metal Wood, Metal Seller Amazon Amazon Amazon Amazon Modern & Simple Style Computer Desk I don't know how big my room is how should I choose? Hello, our tables come in a variety of sizes and colors for you to choose from! Is it sturdy? We use materials and the metal table legs are very sturdy. Is the tabletop resistant to dirt? Our table tops are smooth with a little texture, very easy to clean and long-lasting. Does it have diy function? You can place other items on the table and use your creativity. How long does it take to install? About 30min, it is very simple and suitable for men, women and children. Sweetcrispy Home Office Computer Desk Premium office desk for easier and healthier work & lifestyle! Looking for a sturdy and modern desk for your home or office? Then you cannot miss Sweetcrispy computer desk! This work desk uses premium particleboard and sturdy metal to create the whole structure. Long using life and modern design, matching almost all kinds of decor styles well. This pc desk is also a great gift for your friends or family on festival or their brithday / housewarming / school day etc. Previous page Next page Multipurpose Computer Desk",,Amazon's Choice,Best Seller,https://www.amazon.com/Sweetcrispy-Computer-Desk-Writing-StyleWooden/dp/B0CK6HBHX3,https://www.amazon.com/Sweetcrispy-Computer-Desk-Writing-StyleWooden/dp/B0CK6HBHX3/ref=sr_1_5?crid=CHSICPLSJDGN&dib=eyJ2IjoiMSJ9.UKhG84BaIUc1uVoxHhqU7Eg1ks7NdRty8KqnR1mACzJyshSaIAdELSrab9oPo0tfNBzBMkma-shjFzRo4XnO-uLOgB1H3leowoZIT2OyTXdgjM8qs9CpBjyFwf192ZM3j1JmMkLwUW0cVK8VorYzN-X-ITHRpXmo-vO4pAKoXdEr7ALfcXd5HVSFJf4unvRWg2rwaaXpM888Ojvi-RQDU10dHXMlPhjpx5b8hxrnQq-TL-Znl-OIw6gD0Rc0nuLHFOrZtaL3O3RF5ZG4QoC-VLYuNpGsqWn6i9fVG3bGsp8.LuTkW0MzBzfCY9RITIt2Bj16NSmUqGcMXPKbP4IfNpQ&dib_tag=se&keywords=office+desk&qid=1717862511&sprefix=office+desk%2Caps%2C114&sr=8-5,https://www.amazon.com/s?k=office+desk&crid=CHSICPLSJDGN&sprefix=office+desk%2Caps%2C114&ref=nb_sb_noss_1,Sweetcrispy Store,https://www.amazon.com/stores/Sweetcrispy/page/AEA8D4E0-EBC5-42BE-B375-A58A1E664ADF?ref_=ast_bln&store_ref=bl_ast_dp_brandLogo_sto,https://m.media-amazon.com/images/I/415Ko6o8GCL.jpg,https://m.media-amazon.com/images/I/51AHxUWLSJL.jpg,https://m.media-amazon.com/images/I/41NtVJl-JoL.jpg,https://m.media-amazon.com/images/I/41whRvo7WqL.jpg,https://m.media-amazon.com/images/I/51aCs-KTyDL.jpg,,Metal,Sweetcrispy,Basic Rustic Brown,Wood,,Freestanding,"19.69""D x 48""W x 29.8""H","Working, Writing, Gaming","Office, Bedroom, Living Room, Classroom, Study Room",,Desk design Writing Desk,,"Storage, Compact",Modern,,,,Number of Drawers 1,5,https://www.amazon.com/s?k=office+desk&crid=CHSICPLSJDGN&sprefix=office+desk%2Caps%2C114&ref=nb_sb_noss_1
"Rolanstar Computer Desk 63"" with File Drawer, Gaming Desk with LED Light & Power Outlets, Home Office Desk with File Cabinet & Storage Shelves, with Monitor Stand & Keyboard Tray, Rustic Brown",B0BZPSLY56,128.4,128.4,$229.99 ,229.99,,0,$,Only 4 left in stock - order soon.,,TRUE,,4.6,419,"Home & Kitchen, Furniture, Home Office Furniture, Home Office Desks","Convenient Power Outlets & Safe: This computer desk is equipped with 4-Outlet & 2 USB Ports & 1 Type C Port on the desktop. The charging design allows you to charge your phone, tablet, laptop and other electronic devices without having to walk around, UL certified and ETL safety certified, so feel free to use them, Cool & LED RGB Light: The computer desk is equipped with 12 display modes of LED light, you can choose any of your favorite modes and colors for your game room, bedroom or living room decoration! LED light strips will give you an exciting and personalized visual impact, creating a cooler gaming atmosphere for you. Memory function and APP control will let the operation more convenient, 2 wooden Storage Drawers: 2 drawers filing cabinet will keep your workspace neater and tidier. The smaller top drawer is ideal for your small items and the bottom full extension drawer is larger and can hold all size Files(Letter/ Legal/ A4 Size), User Friendly Design: The computer desk allows for reversible installation. The file cabinet and the 2-tier adjustable storage shelves can place left or right as your needs. The full monitor stand helps you to sit with healthy postureÔºåwhich reduces the pressure on the back. The headphone hooks keep your headphones right at your fingertips. The pull-out design of the keyboard tray makes the desktop more neat and tidy, Spacious Work Area: This home office desk includes spacious desktops, providing plenty of space for your home office and entertainment. 18.5"" desktop width and 63.0"" length, ensuring you can have more space to use and have a better feeling of use, while the full-size monitor stand design reserves more space for your desktop,which greatly improves the utilization of your desktop","Rolanstar Computer Desk with File Drawer Convenient Power Outlets The Keyboard Tray with Pull-Out Design Product Specification Material: Particle Board & Metal Frame Color to choose: Rustic Brown/ Black/ White Overall Dimensions: 65.1""L x 18.9""W x 36""H Desktop Dimension: 46.5""L x 18.9""W Monitor Riser Dimension: 65.1""L x 7.1""W x 5.3""H Printer Cabinet Dimension: 18.9""L x 21.6""W Drawer Dimension: 18.3""L x 13.8""W x 10.2""H Package Included: Computer Desk, LED Lights, Power Strip, Instruction, Assembly Tool Previous page Next page 1 Large Desktop Surface 2 Adjustable Shelves Other Products Selected for You Rolanstar Computer Desk Add to Cart Rolanstar File Cabinet See Details Rolanstar File Cabinet Add to Cart Rolanstar Corner Desk Add to Cart Rolanstar Computer Desk Add to Cart Customer Reviews 4.5 out of 5 stars 925 4.1 out of 5 stars 365 4.4 out of 5 stars 528 4.6 out of 5 stars 620 4.6 out of 5 stars 973 Price $99.99 $ 99 . 99 ‚Äî $139.99 $ 139 . 99 $99.99 $ 99 . 99 $145.19 $ 145 . 19 Material Particle Board & Metal Particle Board & Metal Particle Board & Metal Particle Board & Metal Particle Board & Metal Room Type All Room All Room All Room All Room All Room LED Lights YES NO NO YES NO Drawers YES YES YES NO YES Power Outlets YES NO YES YES NO",,Amazon's Choice,Limited time deal,https://www.amazon.com/Rolanstar-Computer-Outlets-Cabinet-Keyboard/dp/B0BZPSLY56,https://www.amazon.com/Rolanstar-Computer-Outlets-Cabinet-Keyboard/dp/B0BZPSLY56/ref=sr_1_6?crid=CHSICPLSJDGN&dib=eyJ2IjoiMSJ9.UKhG84BaIUc1uVoxHhqU7Eg1ks7NdRty8KqnR1mACzJyshSaIAdELSrab9oPo0tfNBzBMkma-shjFzRo4XnO-uLOgB1H3leowoZIT2OyTXdgjM8qs9CpBjyFwf192ZM3j1JmMkLwUW0cVK8VorYzN-X-ITHRpXmo-vO4pAKoXdEr7ALfcXd5HVSFJf4unvRWg2rwaaXpM888Ojvi-RQDU10dHXMlPhjpx5b8hxrnQq-TL-Znl-OIw6gD0Rc0nuLHFOrZtaL3O3RF5ZG4QoC-VLYuNpGsqWn6i9fVG3bGsp8.LuTkW0MzBzfCY9RITIt2Bj16NSmUqGcMXPKbP4IfNpQ&dib_tag=se&keywords=office+desk&qid=1717862511&sprefix=office+desk%2Caps%2C114&sr=8-6,https://www.amazon.com/s?k=office+desk&crid=CHSICPLSJDGN&sprefix=office+desk%2Caps%2C114&ref=nb_sb_noss_1,Rolanstar Store,https://www.amazon.com/stores/Rolanstar/page/F3CA8177-1977-4875-BEA9-57FC4AAB4418?ref_=ast_bln&store_ref=bl_ast_dp_brandLogo_sto,https://m.media-amazon.com/images/I/41Buo5k+c7L.jpg,https://m.media-amazon.com/images/I/41d0l1v65yL.jpg,https://m.media-amazon.com/images/I/51-Zjf0PEvL.jpg,https://m.media-amazon.com/images/I/51qfHNlHPzL.jpg,https://m.media-amazon.com/images/I/61sI7StiYjL.jpg,,Alloy Steel,Rolanstar,Rustic Brown,Laminated,,Floor Mount,"18.5""D x 63""W x 34.7""H",Working,"Office, Living Room, Study Room",,Desk design Computer Desk,,Reversible Design,Country Rustic,,Number of Drawers 2,,,6,https://www.amazon.com/s?k=office+desk&crid=CHSICPLSJDGN&sprefix=office+desk%2Caps%2C114&ref=nb_sb_noss_1
"Tribesigns 71 inch Executive Desk, L Shaped Desk with Cabinet Storage, Executive Office Desk with Shelves, Business Furniture Desk Workstation for Home Office, Brown and Black",B0C7KP9WLQ,259.99,259.99,$289.97 ,289.97,,0,$,Only 16 left in stock - order soon.,,FALSE,,4.4,118,"Home & Kitchen, Furniture, Home Office Furniture, Home Office Desks","AMPLE STORAGE SPACE: Coming with a storage cabinet, printer cabinet, CPU stand and storage shelves, this executive desk could hold printers, scanners, fax machines and any other office machines, keeps them within easy reach of your desk to maximize your work space. With powerful storage space, this L shaped computer desk can meet different storage needs., SPACIOUS WORKSPACE: With 71‚Äù L Large desktop, this office desk provides plenty of room for a variety of monitor and laptop setups along with important work projects and office supplies. 53"" W provide ample space for working, gaming, writing and other home office activities. 29.5"" H with plenty leg room, allows you to stretch comfortably., SOLID CONSTRUCTION: This solid constructed L-shaped computer desk is made from high quality board and rugged metal frame, which is sturdy enough to support an all-in-one computer, while the scratch- resistant laminate finish protects the desk's surface from daily wear and tear, ensuring solid enough for long time use., EXQUISITE DESIGN: With the combination of unique stitching design and industrial style, the L shaped executive desk brings you a classic beauty to any room, and the appearance of corner is chic and fashionable, which is definitely an ideal office desk to create beautiful home office space., EASY ASSEMBLE: Coming with quite clear instructions, numbered parts and all necessary tools, the large office desk with storage could be easily assembled. We provide 24 months' warranty and friendly customer service and we will give you a satisfactory answer if you have any questions. ( (PLEASE NOTICE THAT THE DESK AND CABINET WILL BE SHIPPED WITH TWO SEPARATE PARCELS, THEY MAY NOT ARRIVE AT THE SAME TIME.)","Tribesigns Excutive Dest with Storage Cabinet Black and rustic brown wood with an old-time classic appearance that will beautify your home office. Simple but classic design fit perfectly blends well the houses or office in any style. Product Specifications: Material: Particle Board + Metal Leg Color: Rustic Brown + Black Max Load Capacity of the Top: 600 lbs Weight: 150 lbs Dimension: 71"" L x 53.14"" D x 29.52"" H Package Include: 1 x Excutive Desk, Assembly Manual, Hardware Spacious Working Space The desktop is long and wide enough to provide spacious top surface for all your working needs. Opened Compartments Open shelves of storage providing plenty of room for daily home office use. Safety Material Constructed by stronger metal legs and thicker board, ensuring the excellent stability of this L-shaped desk for years of use. Storage Cabinet Closed storage rooms behind the door can maintain your items clean and dry while protect your privacy. Front Panel The front panel offers privacy protection when sitting down. CPU Stand CPU stand protects the host from scratching, moisture and dust. Adjustable Leg Pads Equipped with adjustable foot pads to protect the floor as well as make the table more stable on uneven floor.",,Amazon's Choice,Limited time deal,https://www.amazon.com/Tribesigns-Executive-Business-Furniture-Workstation/dp/B0C7KP9WLQ,https://www.amazon.com/Tribesigns-Executive-Business-Furniture-Workstation/dp/B0C7KP9WLQ/ref=sr_1_7?crid=CHSICPLSJDGN&dib=eyJ2IjoiMSJ9.UKhG84BaIUc1uVoxHhqU7Eg1ks7NdRty8KqnR1mACzJyshSaIAdELSrab9oPo0tfNBzBMkma-shjFzRo4XnO-uLOgB1H3leowoZIT2OyTXdgjM8qs9CpBjyFwf192ZM3j1JmMkLwUW0cVK8VorYzN-X-ITHRpXmo-vO4pAKoXdEr7ALfcXd5HVSFJf4unvRWg2rwaaXpM888Ojvi-RQDU10dHXMlPhjpx5b8hxrnQq-TL-Znl-OIw6gD0Rc0nuLHFOrZtaL3O3RF5ZG4QoC-VLYuNpGsqWn6i9fVG3bGsp8.LuTkW0MzBzfCY9RITIt2Bj16NSmUqGcMXPKbP4IfNpQ&dib_tag=se&keywords=office+desk&qid=1717862511&sprefix=office+desk%2Caps%2C114&sr=8-7,https://www.amazon.com/s?k=office+desk&crid=CHSICPLSJDGN&sprefix=office+desk%2Caps%2C114&ref=nb_sb_noss_1,Tribesigns Store,https://www.amazon.com/stores/Tribesigns/page/89863E9F-B80B-4A3A-9B90-E7AB9DEE24F5?ref_=ast_bln&store_ref=bl_ast_dp_brandLogo_sto,https://m.media-amazon.com/images/I/51if-7EKqPL.jpg,https://m.media-amazon.com/images/I/41Bvbst+fPL.jpg,https://m.media-amazon.com/images/I/51gvCy-quQL.jpg,https://m.media-amazon.com/images/I/51BRqqmsqKL.jpg,https://m.media-amazon.com/images/I/31rhzD+a7tL.jpg,,Alloy Steel,Tribesigns,Brown,Painted,,Freestanding,"53""D x 71""W x 29.79""H",Working,Office,Desk design Executive Desk,,,Compact,"Contemprary, Modern",,,Number of Drawers 3,,7,https://www.amazon.com/s?k=office+desk&crid=CHSICPLSJDGN&sprefix=office+desk%2Caps%2C114&ref=nb_sb_noss_1
"Electric Standing Desk, Adjustable Height Stand up Desk, 48x24 Inches Sit Stand Home Office Desk with Splice Board, Black Frame/Rustic Brown Top",B0BZ7GXM4M,119.99,119.99,$219.99 ,219.99,,0,$,In Stock,,TRUE,,4.6,2078,"Office Products, Office Furniture & Lighting, Desks & Workstations, Computer Workstations","Ergonomic Home Office Desk: Claiks' standing desk is the result of years of constant iteration, providing a trustworthy home office rising experience and high-quality products that can hold up to 176 pounds., Electric Height Adjustable: The stand up desk features three preset buttons to customize your desired heights from 28.3"" to 46.5""., Outstanding Stability: The sit stand desk is made of sturdy steel. Contains an industrial-grade steel frame that ensures outstanding stability., Ergonomic Workspace: The spacious 48‚Äù x 24‚Äù adjustable desktop offers a roomy setup that promotes an ergonomic workspace., Easy Assembly: The height adjustable desk comes with a detailed installation manual, an accurate installation video guide, embedded screw hole locations, and provided L installation tools that provide ease of installation.",,,Amazon's Choice,Best Seller,https://www.amazon.com/Claiks-Electric-Standing-Adjustable-Height/dp/B0BZ7GXM4M,https://www.amazon.com/Claiks-Electric-Standing-Adjustable-Height/dp/B0BZ7GXM4M/ref=sr_1_8?crid=CHSICPLSJDGN&dib=eyJ2IjoiMSJ9.UKhG84BaIUc1uVoxHhqU7Eg1ks7NdRty8KqnR1mACzJyshSaIAdELSrab9oPo0tfNBzBMkma-shjFzRo4XnO-uLOgB1H3leowoZIT2OyTXdgjM8qs9CpBjyFwf192ZM3j1JmMkLwUW0cVK8VorYzN-X-ITHRpXmo-vO4pAKoXdEr7ALfcXd5HVSFJf4unvRWg2rwaaXpM888Ojvi-RQDU10dHXMlPhjpx5b8hxrnQq-TL-Znl-OIw6gD0Rc0nuLHFOrZtaL3O3RF5ZG4QoC-VLYuNpGsqWn6i9fVG3bGsp8.LuTkW0MzBzfCY9RITIt2Bj16NSmUqGcMXPKbP4IfNpQ&dib_tag=se&keywords=office+desk&qid=1717862511&sprefix=office+desk%2Caps%2C114&sr=8-8,https://www.amazon.com/s?k=office+desk&crid=CHSICPLSJDGN&sprefix=office+desk%2Caps%2C114&ref=nb_sb_noss_1,Claiks Store,https://www.amazon.com/stores/CLAIKS/page/4E73DAE9-EF7D-4D01-B086-DFA579FF9B62?ref_=ast_bln,https://m.media-amazon.com/images/I/41OivqtO16L.jpg,https://m.media-amazon.com/images/I/41o4O+6lTSL.jpg,https://m.media-amazon.com/images/I/416wXPiD8xL.jpg,https://m.media-amazon.com/images/I/41Cc9HClMZL.jpg,https://m.media-amazon.com/images/I/41Nug-B4tXL.jpg,,Iron,Claiks,Rustic Brown,Steel,,,"24""D x 48""W x 28""H","Drafting, Working, Writing, Gaming","Office, Dormitory, Living Room, Bedroom, Study Room",,"Desk design Standing Desk, Computer Desk",,"Adjustable Height, Ergonomic, Electric",Modern,Engineered Wood,,,,8,https://www.amazon.com/s?k=office+desk&crid=CHSICPLSJDGN&sprefix=office+desk%2Caps%2C114&ref=nb_sb_noss_1
"ODK Computer Desk, 40 Inch Small Study Desk, Office Desk with Storage, Work Table with Headphone Hook for Small Space Home Office, White Marble + Gold Leg",B0BVQKPNYY,49.97,49.97,$49.97 ,49.97,,0,$,In Stock,"GetFast, Free ShippingwithAmazon Prime",TRUE,,4.5,14821,"Home & Kitchen, Furniture, Home Office Furniture, Home Office Desks","Easy to Assemble & Considerate Service: It is easy to assemble this computer desk. All needed assembly tools and instruction are coming with the desk. Please first feel free to contact us once you find any product problems about assembly or damaged issue. We can figure out everything for you., Dimensions: 18.9''D x 39.4''W x 28.9''H. This 40 inch desk is a great choice for small space, providing plenty of leg room., Colorful & Multipurpose Use: This computer desk offers a variety of options for kids, teens and adults. It is designed in 6 colors with a modern simple style, ensuring a perfect match for any scences. Its 5 sizes also provide a range of different uses for study, home office or gaming., Desk with Storage: A side-mounted bag provides extra storage space for books or office supplies so as to optimize desktop organization. On the opposite side, a detachable hook allows you to hang headphone or bag., High-Quality Material: The tabletop is made of particleboard with high quailty. It is designed with scratch-resistant, anti-collision and waterproof., Sturdiness: The solid metal frame ensures the maximum durability and stability and the X-shaped Cross-Bar reinforce the frame (applied to 32''/40''/48'').","Previous page Next page 1 Table Sizes 2 Premium Particle Board Previous page Next page Choose Your Desk for Study/Home Office/Gaming ! Previous page 32 Inch Desk Study Table Choose 40 Inch Desk Vanity Desk Choose 48 Inch Desk Home Office Desk Choose 55 Inch Desk Gaming Desk Choose 63 Inch Desk Executive Desk Choose Next page More ODK Computer Desks For Choosing Home Office Desk Add to Cart Small Study Desk See Details Desk with Power Outlet Add to Cart Desk with Storage Shelf Add to Cart Desk with Monitor Shelf Add to Cart Desk with Drawers Add to Cart Desk with Keyboard Tray Add to Cart Customer Reviews 4.5 out of 5 stars 14,821 4.7 out of 5 stars 1,705 4.5 out of 5 stars 81 4.7 out of 5 stars 1,395 4.6 out of 5 stars 1,343 4.6 out of 5 stars 1,038 4.6 out of 5 stars 1,257 Price $49.97 $ 49 . 97 ‚Äî $119.99 $ 119 . 99 $109.99 $ 109 . 99 $89.99 $ 89 . 99 $99.99 $ 99 . 99 $129.97 $ 129 . 97 Size 32''/40''/48''/55''/63'' 27.5'' 48'' 48''/55''/63'' 55''/63'' 55'' 55''/63'' Color 6 Colors for selection Black/Pink/White/Deep Brown Rustic Brown/Black/White Rustic Brown/Black/White Rustic Brown/Black/White Rustic Brown/Black/White Rustic Brown/Black/White Power Outlet ‚úò ‚úò ‚úî ‚úî ‚úò ‚úò ‚úò Monitor Shelf ‚úò ‚úî ‚úî ‚úî ‚úî ‚úî ‚úî Drawers ‚úò ‚úò ‚úî ‚úî ‚úò ‚úî ‚úî Keyboard Tray ‚úò ‚úò ‚úî ‚úî ‚úò ‚úò ‚úî Storage Shelf/Bag ‚úî ‚úî ‚úò ‚úî ‚úî ‚úî ‚úò Suit for Places Home Office/Bedroom/Study Room Home Office/Bedroom/Study Room Gaming/Home Office/Bedroom Gaming/Home Office/Bedroom Home Office/Bedroom/Study Room Home Office/Bedroom Home Office/Bedroom",,Amazon's Choice Amazon's Choice,,https://www.amazon.com/ODK-Computer-Writing-Storage-Headphone/dp/B0BVQKPNYY,https://www.amazon.com/ODK-Computer-Writing-Storage-Headphone/dp/B0BVQKPNYY/ref=sr_1_9?crid=CHSICPLSJDGN&dib=eyJ2IjoiMSJ9.UKhG84BaIUc1uVoxHhqU7Eg1ks7NdRty8KqnR1mACzJyshSaIAdELSrab9oPo0tfNBzBMkma-shjFzRo4XnO-uLOgB1H3leowoZIT2OyTXdgjM8qs9CpBjyFwf192ZM3j1JmMkLwUW0cVK8VorYzN-X-ITHRpXmo-vO4pAKoXdEr7ALfcXd5HVSFJf4unvRWg2rwaaXpM888Ojvi-RQDU10dHXMlPhjpx5b8hxrnQq-TL-Znl-OIw6gD0Rc0nuLHFOrZtaL3O3RF5ZG4QoC-VLYuNpGsqWn6i9fVG3bGsp8.LuTkW0MzBzfCY9RITIt2Bj16NSmUqGcMXPKbP4IfNpQ&dib_tag=se&keywords=office+desk&qid=1717862511&sprefix=office+desk%2Caps%2C114&sr=8-9,https://www.amazon.com/s?k=office+desk&crid=CHSICPLSJDGN&sprefix=office+desk%2Caps%2C114&ref=nb_sb_noss_1,ODK Store,https://www.amazon.com/stores/ODK/page/388FAE25-D164-4135-A27B-C51108DFBEC5?ref_=ast_bln&store_ref=bl_ast_dp_brandLogo_sto,https://m.media-amazon.com/images/I/41jWjytN9KL.jpg,https://m.media-amazon.com/images/I/51yBhgmkqaL.jpg,https://m.media-amazon.com/images/I/419CBCw7u7L.jpg,https://m.media-amazon.com/images/I/41PXClyRkmL.jpg,https://m.media-amazon.com/images/I/41dhfqESIDL.jpg,,Metal,ODK,White Marble + Gold Leg,,,Freestanding,"18.9""D x 39.4""W x 28.9""H","Working, Writing","Office, Bedroom, Living Room, Study Room",,"Desk design Writing Desk, Computer Desk",,Compact,Modern,Marble,,,,9,https://www.amazon.com/s?k=office+desk&crid=CHSICPLSJDGN&sprefix=office+desk%2Caps%2C114&ref=nb_sb_noss_1
"Furologee 66"" L Shaped Computer Desk with Shelves, Reversible Corner Gaming Desk with File Drawer and Dual Monitor Stand, Large Home Office Desk Writing Study Table Workstation, Rustic Brown",B0BRD4GV33,169.99,169.99,,,,0,$,In Stock,,TRUE,,4.5,940,"Home & Kitchen, Furniture, Home Office Furniture, Home Office Desks","[66"" Extra Wide Desktop]: The size of the l-shaped desk is (66.1+47.2)""L*18.9""W*29.5""H, it has 3 open storage shelves, one fabric file cabinet and drawer increase additional space to meet different storage requirements, such as books, printers, monitors, files and so on; Ample bottom space allows you to rest your legs., [Dual Removable Monitor Stand]: Our computer desk is equiped 2 monitor stands, each size is 23.62""*7.09"", more ergonomic design; the monitor stand can easily raise the screen to the level parallel to our eyes, and you can use the stand to move the monitor to any position at any time when you feel tired, since our the monitor stand is removable, effectively reduce the pressure on the neck and back., [2 Person Using Multifunctional Desk]: The large corner desk is designed for multi-purpose, it can be used as a writing desk, office desk, gaming desk, craft desk or tool table due to its wide desktop, it also can be placed in the corner for 2 person using, allows you to enjoy working/gaming time with friends or family, a great gift for your loved one and friends., [Desk with Fabric File Cabinet]: Coming with a fabric drawer and file cabinet, 2 tier storage shelves, allowing you hold letter/A4/ legal size files to prevent documents from falling into dust; placing printers, scanners or other office machines, keeps its within easy reach of desk., [Flexible Desk Shelves]: The shelf board of the L computer desk is adjustable, which allow you to define your storage space, you can move the shelves easily to make room for the computer tower. 8 adjustable foot can not only protect your floor from scratches, but also ensure stability on uneven ground., [Comfortable and Sturdy Desk]: The home office desk is made from strong metal frame and durable E1 particleboard to ensure its strength and durability and each side can hold up to 180 lbs, which is waterproof and anti-scratch, very easy to clean., [Easy Assemble &Worry-free Service]: Our working desk attached with easy-to-follow instructions and all assembly tools; Furologee provides customer service before and after purchase. If your items received are damaged, scratched or missing parts, please contact us at any time, and we will provide you with satisfactory solutions within 24 hours.","Furologee 66"" Reversible L Shaped Desk More Ergonomic Design Dual Removable Monitor Stand The monitor stand can easily raise the screen to the level parallel to our eyes, and you can use the stand to move the monitor to any position at any time when you feel tired, since our the monitor stand is removable, effectively reduce the pressure on the neck and back. Previous page Define your own storage space Load capacity of 180 pounds Next page 1 With File Drawer 2 Adjustable Storage Shelf 3 Home Desk 4 Office Desk 5 Game Desk Home Office Desk with Storage Shelves There are two storage shelves on the right side of the work desk. More Ideas for Your Home in Our Store Desk with Power Outlet Add to Cart Console Table Add to Cart TV Stand Add to Cart Entertainment Center Add to Cart Kitchen Bakers Rack Add to Cart Nightstands Set of 2 Add to Cart Nightstand Add to Cart Customer Reviews 4.5 out of 5 stars 940 4.5 out of 5 stars 1,356 4.6 out of 5 stars 1,021 4.5 out of 5 stars 300 4.5 out of 5 stars 320 4.2 out of 5 stars 1,419 4.3 out of 5 stars 851 Price $179.99 $ 179 . 99 $99.99 $ 99 . 99 $109.99 $ 109 . 99 $99.99 $ 99 . 99 $59.99 $ 59 . 99 $56.98 $ 56 . 98 $39.99 $ 39 . 99 Feature 2 Movable Monitor Stands 3-Tier Storage Shelves Open Space Design Extra Height Sturdy & Stable Structure Upgraded Fabric Drawer Space Saving Size 18.9""D x 66.14""W x 29.52""H 11.4""D x 47.2""W x 30.7""H 63.00‚Äù W x 15.75‚Äù D x 19.88‚ÄùH 23.82"" Hx 63"" W x 15.75""D 15.16""D x 21.65""W x 49.6""H 11.81""D x 14.96""W x 23.62""H 11.81""D x 14.96""W x 23.62""H Color White Rustic Brown Rustic Brown Rustic Brown Rustic Brown Rustic Brown White Room Type Bedroom/Living Room Bedroom/Living Room Bedroom/Living Room Bedroom/Living Room Kitchen Bedroom/Living Room Bedroom/Living Room Style Modern Industrial Industrial Industrial Modern Modern Modern",,Amazon's Choice,,https://www.amazon.com/Furologee-Computer-Shelves-Monitor-Workstation/dp/B0BRD4GV33,https://www.amazon.com/Furologee-Computer-Shelves-Monitor-Workstation/dp/B0BRD4GV33/ref=sr_1_10?crid=CHSICPLSJDGN&dib=eyJ2IjoiMSJ9.UKhG84BaIUc1uVoxHhqU7Eg1ks7NdRty8KqnR1mACzJyshSaIAdELSrab9oPo0tfNBzBMkma-shjFzRo4XnO-uLOgB1H3leowoZIT2OyTXdgjM8qs9CpBjyFwf192ZM3j1JmMkLwUW0cVK8VorYzN-X-ITHRpXmo-vO4pAKoXdEr7ALfcXd5HVSFJf4unvRWg2rwaaXpM888Ojvi-RQDU10dHXMlPhjpx5b8hxrnQq-TL-Znl-OIw6gD0Rc0nuLHFOrZtaL3O3RF5ZG4QoC-VLYuNpGsqWn6i9fVG3bGsp8.LuTkW0MzBzfCY9RITIt2Bj16NSmUqGcMXPKbP4IfNpQ&dib_tag=se&keywords=office+desk&qid=1717862511&sprefix=office+desk%2Caps%2C114&sr=8-10,https://www.amazon.com/s?k=office+desk&crid=CHSICPLSJDGN&sprefix=office+desk%2Caps%2C114&ref=nb_sb_noss_1,Furologee Store,https://www.amazon.com/stores/Furologee/page/4D944248-BA82-4B07-AEE4-CCBD23FB0309?ref_=ast_bln&store_ref=bl_ast_dp_brandLogo_sto,https://m.media-amazon.com/images/I/418l6lL7fOL.jpg,https://m.media-amazon.com/images/I/51XzZ0tSs1L.jpg,https://m.media-amazon.com/images/I/41RcKfMolWL.jpg,https://m.media-amazon.com/images/I/51qWig6pKtL.jpg,https://m.media-amazon.com/images/I/5184mKbN-OL.jpg,,Metal,Furologee,Rustic Brown,Powder Coated,,Tabletop,"18.9""D x 66.14""W x 29.52""H","Drafting, Working, Writing, Gaming","Office, Dormitory, Bedroom, Living Room, Study Room",Desk design Computer Desk,,,Fabric File Cabinet,Country Rustic,,Number of Drawers 2,,,10,https://www.amazon.com/s?k=office+desk&crid=CHSICPLSJDGN&sprefix=office+desk%2Caps%2C114&ref=nb_sb_noss_1
"Unikito Reversible L Shaped Desk with Magic Power Outlets and USB Charging Ports, Sturdy Corner Computer Desk with Storage Shelves, Gaming Desk for Home Office, Easy to Assemble, Black Oak",B0CDVY6M35,109.99,109.99,$199.99 ,199.99,,0,$,Only 3 left in stock - order soon. Only 1 left in stock - order soon.,,TRUE,,4.2,881,"Home & Kitchen, Furniture, Home Office Furniture, Home Office Desks","„ÄêMAGIC POWER OUTLETS AND USB CHARGING PORTS„Äë It is cool and extremely helpful that the computer desk comes with a nice inset USB and outlet charging station. The L shaped desk is built in 3 power outlets and 2 USB charging ports. It is a nice touch to provides extra power support for your computer, printer, scanner, phone, tablet, gaming gear etc, which provides a great convenience to your life when you are working, writing or playing games., „ÄêREVERSIBLE L SHAPE & LONG DESK DESIGN„Äë With reversible design, the office desk is configurable to 3 different ways. It is configured either on the right side, left side or straight long desk as your personal preference, which provides you a fully functional workplace for whatever project you are working on. You can use one side as a work area and other side for gaming or writing area., „ÄêFUNCTIONAL AND STYLISH DESIGN„Äë With the combination of functional and sleek design, the corner desk not only includes practical performance of modern furniture, but also bring you a nice addition to any room. The storage shelves underneath are great for extra storage and provide enough spaces for storing books, magazines, devices and hosts. That leaves plenty of desk space open to work on., „ÄêMULTIPURPOSE AND EASY TO ASSEMBLE„Äë This is a great desk for small space. It is not too small nor too big and does not take up much space. The configurable design means it can fits into almost any space and have desk space at both sides for productivity. This desk can sit in a corner, large home office or smaller work nooks as a computer desk, office desk, gaming desk, study desk, work desk. The instruction is easy and straightforward. Putting it together is easy and painless., „ÄêSTURDY AND ROOMY„ÄëThe writing desk is made from very thick engineered wood and rugged metal frame that are built to last. It is very sturdy, comfortable, maneuverable and spacious. Its sturdy construction has a excellent load-bearing capacity to support up to 500 lbs, and provide plenty of space for your computer, monitor and still have work room for your remote work and home office. It also can add vitality and style to your workstation and make your room cozy and complete. The adjustable non-slip foot pad also ensure stability on uneven ground.","Whether you need more space for gaming setup, remote work and home office or you want to add some extra storage, this desk has it all. With functional and sleek design, the L shaped computer desk creates a very aesthetic look for any room in your home office. It features storage shelves underneath with lots of storage, which are convenient storage for headphones, routers, controllers etc. Saves from cluttering up the top of desk. This piece will fit nicely and match everything in your home office. The corner computer desk has a sleek and modern design that is perfect for your gaming room. Whether you're a casual gamer or a professional gamer, this gaming desk has everything you need to take your gaming to the next level. You will get a power strip with 3 power outlets and 2 fast charging USB ports for your office gadgets. It really comes in handy for daily use. Unikito Reversible Computer Desk with Power Outlet and USB Charging Ports If you're planning on getting an l shaped Desk, a workstation, or one of the gaming desks, this should certainly be the best bang for the buck. It is time to give your home and office a multifunctional and nice look computer desk it deserves. Plenty of space and Space-Saving The reversible l shaped desk can set up in three different configurations. The two side desktop can support multiple monitors, printer, scanner, other equipments. You can able to use free space to work more effectively. The corner desk features a storage shelves underneath and adjustable shelves with roomy compartments to offer extra storage space for books, artworks, magazines, office essentials and hosts, so that your desk is not cluttered with office supplies. Multipurpose The reversible design means it can fits into almost any space and have desk space at both sides for productivity. This desk can sit in a corner, large home office or smaller work nooks as a computer desk, office desk, gaming desk, study desk, executive desk with ample desktop and large storage space. It also can add vitality and style to your workstation and make your room cozy and complete. Sturdy and Easy to Assemble With solid construction, this L shaped office desk is very sturdy, besides, the step by step instructions is easy to follow. Please read the instruction carefully during installation. Functional Storage Shelves Underneath for Extra Storage The under storage shelf is a nice touch that increases the overall utility of the desk. You can store certain things on it instead of on the desk for keeping your things organized and convenience usage. Reversible L Shaped Computer Desk is flexible to set up on the left or right l shaped desk, 2 person long office desk for different workplace, which can fit well in small space or large space.",,,,https://www.amazon.com/Unikito-Reversible-Charging-Computer-Assemble/dp/B0CDVY6M35,https://www.amazon.com/Unikito-Reversible-Charging-Computer-Assemble/dp/B0CDVY6M35/ref=sr_1_11?crid=CHSICPLSJDGN&dib=eyJ2IjoiMSJ9.UKhG84BaIUc1uVoxHhqU7Eg1ks7NdRty8KqnR1mACzJyshSaIAdELSrab9oPo0tfNBzBMkma-shjFzRo4XnO-uLOgB1H3leowoZIT2OyTXdgjM8qs9CpBjyFwf192ZM3j1JmMkLwUW0cVK8VorYzN-X-ITHRpXmo-vO4pAKoXdEr7ALfcXd5HVSFJf4unvRWg2rwaaXpM888Ojvi-RQDU10dHXMlPhjpx5b8hxrnQq-TL-Znl-OIw6gD0Rc0nuLHFOrZtaL3O3RF5ZG4QoC-VLYuNpGsqWn6i9fVG3bGsp8.LuTkW0MzBzfCY9RITIt2Bj16NSmUqGcMXPKbP4IfNpQ&dib_tag=se&keywords=office+desk&qid=1717862511&sprefix=office+desk%2Caps%2C114&sr=8-11,https://www.amazon.com/s?k=office+desk&crid=CHSICPLSJDGN&sprefix=office+desk%2Caps%2C114&ref=nb_sb_noss_1,Unikito Store,https://www.amazon.com/stores/Unikito/page/4E7E3E4E-984E-4951-844C-885DBF586247?ref_=ast_bln&store_ref=bl_ast_dp_brandLogo_sto,https://m.media-amazon.com/images/I/51+rlzX+IXL.jpg,https://m.media-amazon.com/images/I/51yNsqT7lvL.jpg,https://m.media-amazon.com/images/I/41iRZDVeJLL.jpg,https://m.media-amazon.com/images/I/61aASgF15IL.jpg,https://m.media-amazon.com/images/I/51hQzHm9rTL.jpg,,Engineered Wood,Unikito,Black Oak,Painted,,,"47.2""D x 39.4""W x 29""H",Working,Office,Desk design Computer Desk,,,Reversible,Modern,Engineered Wood,,,,11,https://www.amazon.com/s?k=office+desk&crid=CHSICPLSJDGN&sprefix=office+desk%2Caps%2C114&ref=nb_sb_noss_1
"Tribesigns Computer Desk with 3 Drawers, 59-Inch PC Desk with Reversible Drawers, Industrial Study Writing Table Workstation with File Storage for Home Office (Brown & Black)",B0CW97MYZJ,159.99,159.99,,,,0,$,In Stock,,FALSE,,3.5,2,"Home & Kitchen, Furniture, Home Office Furniture, Home Office Desks","„ÄêAdaptable & Reversible Drawers„Äë The desk comes with adjustable foot pads to attain perfect stability. Furthermore, the drawer section can be flexibly installed on the side of your liking, enhancing its adaptability to suit personal preferences and habits., „ÄêLarge Desktop for Work„Äë Having generous dimensions of 59.05"" W * 19.68"" D * 29.52"" H, this vast workstation provides an extensive work surface embellished with three capacious and practical drawers. Among these, one is specifically customized for file storage, catering generously to your storage needs., „ÄêVersatile Design„Äë Our computer desk elegantly blends a robust black metal frame with a lavish brown wooden tabletop. This fusion of aesthetics with stability and durability gives a retro feel to your workspace, seamlessly blending in with any room d√©cor., „ÄêPrioritize Safety„Äë With thoughtful design, the desk incorporates smooth edges, protecting you from accidental injuries or scratches during your routine activities, thereby offering a safe-to-use environment., „ÄêUser-Oriented„Äë We have ensured an effortless assembly process for this computer desk with a comprehensible instruction manual. Along with this, we provide an easily accessible and reliable customer service team to assist you throughout the setup process and beyond. Rest assured, your satisfaction is our priority, so feel free to count on our support throughout your purchase journey.",Tribesigns 59-Inch Modern Computer Desk with File Drawer and Metal Frame Previous page Next page 1 Solid Desktop 2 Anti-Collision 3 Thick Metal Frame 4 Ample Storage Space 5 Adjustable Feet Pads Home Office Desks with Flexible Installation Options Suitable for Both Home Office and Company Office Use,,,,https://www.amazon.com/Tribesigns-Computer-Reversible-Industrial-Workstation/dp/B0CW97MYZJ,https://www.amazon.com/Tribesigns-Computer-Reversible-Industrial-Workstation/dp/B0CW97MYZJ/ref=sr_1_12?crid=CHSICPLSJDGN&dib=eyJ2IjoiMSJ9.UKhG84BaIUc1uVoxHhqU7Eg1ks7NdRty8KqnR1mACzJyshSaIAdELSrab9oPo0tfNBzBMkma-shjFzRo4XnO-uLOgB1H3leowoZIT2OyTXdgjM8qs9CpBjyFwf192ZM3j1JmMkLwUW0cVK8VorYzN-X-ITHRpXmo-vO4pAKoXdEr7ALfcXd5HVSFJf4unvRWg2rwaaXpM888Ojvi-RQDU10dHXMlPhjpx5b8hxrnQq-TL-Znl-OIw6gD0Rc0nuLHFOrZtaL3O3RF5ZG4QoC-VLYuNpGsqWn6i9fVG3bGsp8.LuTkW0MzBzfCY9RITIt2Bj16NSmUqGcMXPKbP4IfNpQ&dib_tag=se&keywords=office+desk&qid=1717862511&sprefix=office+desk%2Caps%2C114&sr=8-12,https://www.amazon.com/s?k=office+desk&crid=CHSICPLSJDGN&sprefix=office+desk%2Caps%2C114&ref=nb_sb_noss_1,Tribesigns Store,https://www.amazon.com/stores/Tribesigns/page/89863E9F-B80B-4A3A-9B90-E7AB9DEE24F5?ref_=ast_bln&store_ref=bl_ast_dp_brandLogo_sto,https://m.media-amazon.com/images/I/51GsnrRUNWL.jpg,https://m.media-amazon.com/images/I/417sPiKdrmL.jpg,https://m.media-amazon.com/images/I/51YQt1wfVjL.jpg,https://m.media-amazon.com/images/I/51nSJuQoX6L.jpg,https://m.media-amazon.com/images/I/51ti5RdMreL.jpg,,Metal,Tribesigns,Brown & Black,Wood,,Floor Mount,"19.7""D x 59""W x 29.5""H","Working, Studying",Office,,Desk design Computer Desk,,Reversible,Industrial,,Number of Drawers 3,,,12,https://www.amazon.com/s?k=office+desk&crid=CHSICPLSJDGN&sprefix=office+desk%2Caps%2C114&ref=nb_sb_noss_1
"SUPERJARE 47 inch Reversible L Shaped Desk with LED Lights & Power Outlets, Computer Desk with Shelves & Monitor Stand, Gaming Desk with Drawer, Home Office Desk Corner Desk, Black",B0BD5B6XV9,99.99,99.99,$159.99 ,159.99,,0,$,In Stock,,TRUE,,4.4,2801,"Home & Kitchen, Furniture, Home Office Furniture, Home Office Desks","„ÄêDESK WITH LED LIGHTS„ÄëThis L shaped desk features built-in LED lighting with 20 static colors, 22 dynamic modes, 10 speed grades and 5 brightness to create beautiful ambiance that enhances your room. This gaming desk can be installed as a long desk according to your needs, good choice for your bedroom, study and office., „ÄêDESK WITH POWER OUTLETS„Äë4 AC outlets and 2 USB ports on the gaming computer desk allow you to charge your monitor, office or gaming devices with ease. And the monitor stands help to elevate your eye lines, avoiding neck and back pains. Super considerate writing desk., „ÄêLARGE STORAGE SPACE„ÄëProduct Dimensions: 19.3""D x 47.3""W x 29.5""H. With reversible design, 2 storage shelves allow you to store unlimited office supplies. The pc tower can be placed on the CPU stand and there is a fabric drawer to store stationery and other privacy items. Super practical design!, „ÄêVERSATILE USES„Äë Turn on the LED lights, this desk can be a nice gaming desk, turn off the light, it can be a normal computer desk for bedroom. The adjustable feet under the desk not only help protect your floor from scratches, but also ensure stability even on uneven ground., „ÄêSTURDY AND SOLID CONSTRUCTION„ÄëPowder-coated metal frame and durable particle board ensures this computer desk's long-time uses. And with numbered components, provided tools, and clear instruction, this desk will be finished with ease.","4 AC Outlets and 2 USB Ports Lightings to Enhance Home Office Vibes More Details of the Computer Desk Reversible Computer Desk with Drawer WITH REVERSIBLE DESIGN, this home office desk can be installed in 2 directions according to your needs, good choice for your bedroom, study and office. DESK WITH STORAGE, The shelf and drawer under the desk allow you to store unlimited office supplies and documents. Super practical design! Dimension: 19.3""D x 47.3""W x 29.5""H Material: Particle Board, Metal More Computer Desks from SUPERJARE Computer Desk Add to Cart Gaming Desk Add to Cart L Shaped Desk Add to Cart Home Office Desk Add to Cart Working Desk See Details Led Lighted Desk Add to Cart Led Computer Desk See Details Customer Reviews 4.4 out of 5 stars 3,079 4.5 out of 5 stars 517 4.5 out of 5 stars 850 4.4 out of 5 stars 452 4.5 out of 5 stars 211 4.5 out of 5 stars 554 4.5 out of 5 stars 1,030 Price $89.09 $ 89 . 09 $79.99 $ 79 . 99 $119.99 $ 119 . 99 $119.99 $ 119 . 99 $118.99 $ 118 . 99 $99.99 $ 99 . 99 $109.99 $ 109 . 99 Charging Station ‚úî ‚úò ‚úî ‚úî ‚úî ‚úî ‚úî Led Light Strip ‚úî ‚úò ‚úò ‚úò ‚úî ‚úî ‚úî Monitor Stand ‚úî ‚úò ‚úò ‚úî ‚úî ‚úî ‚úî Demension 18.9""D x 53.6""W x 29.5""H 47.2""D x 19.3""W x 29.5""H 55.1""D x 19""W x 29.5""H 18.9""D x 55.1""W x 29.5""H 19.7""D x 49.6""W x 30""H 19.7""D x 47.3""W x 30.7""H 19.7""D x 55.1""W x 29.5""H Colour Black Black Black Black Black Black Black Drawer ‚úò ‚úò ‚úî ‚úî ‚úî ‚úî ‚úî",,Amazon's Choice,,https://www.amazon.com/SUPERJARE-Computer-Outlets-Reversible-Monitor/dp/B0BD5B6XV9,https://www.amazon.com/SUPERJARE-Computer-Outlets-Reversible-Monitor/dp/B0BD5B6XV9/ref=sr_1_13?crid=CHSICPLSJDGN&dib=eyJ2IjoiMSJ9.UKhG84BaIUc1uVoxHhqU7Eg1ks7NdRty8KqnR1mACzJyshSaIAdELSrab9oPo0tfNBzBMkma-shjFzRo4XnO-uLOgB1H3leowoZIT2OyTXdgjM8qs9CpBjyFwf192ZM3j1JmMkLwUW0cVK8VorYzN-X-ITHRpXmo-vO4pAKoXdEr7ALfcXd5HVSFJf4unvRWg2rwaaXpM888Ojvi-RQDU10dHXMlPhjpx5b8hxrnQq-TL-Znl-OIw6gD0Rc0nuLHFOrZtaL3O3RF5ZG4QoC-VLYuNpGsqWn6i9fVG3bGsp8.LuTkW0MzBzfCY9RITIt2Bj16NSmUqGcMXPKbP4IfNpQ&dib_tag=se&keywords=office+desk&qid=1717862511&sprefix=office+desk%2Caps%2C114&sr=8-13,https://www.amazon.com/s?k=office+desk&crid=CHSICPLSJDGN&sprefix=office+desk%2Caps%2C114&ref=nb_sb_noss_1,SUPERJARE Store,https://www.amazon.com/stores/SUPERJARE/page/E68BB9F5-0D06-4889-A0CB-E4C97F3BD92F?ref_=ast_bln&store_ref=bl_ast_dp_brandLogo_sto,https://m.media-amazon.com/images/I/413a8c5QRKL.jpg,https://m.media-amazon.com/images/I/518gMDBdu3L.jpg,https://m.media-amazon.com/images/I/41ExewOqshL.jpg,https://m.media-amazon.com/images/I/51uw5XMssHL.jpg,https://m.media-amazon.com/images/I/51NOsGeRPSL.jpg,,Metal,SUPERJARE,Black,Powder Coated,,Floor Mount,"19.3""D x 47.3""W x 29.5""H","Working, Drafting, Writing, Gaming","Office, Bedroom, Living Room",Desk design Computer Desk,,,Built-In USB Outlet,Modern,,Number of Drawers 1,,,13,https://www.amazon.com/s?k=office+desk&crid=CHSICPLSJDGN&sprefix=office+desk%2Caps%2C114&ref=nb_sb_noss_1
"Computer Desk, 63 Inch Office Desk, Gaming Desk with Storage, Writing Desk Work Desk for Home Office, Study, Modern Simple Desk, Large Legroom, Metal Frame, Rustic Brown and Black",B0CS3LVKDN,119.99,119.99,$129.99 ,129.99,,0,$,In Stock Only 1 left in stock - order soon.,,TRUE,,4.4,95,"Home & Kitchen, Furniture, Home Office Furniture, Home Office Desks","„ÄêSIMPLE DESK „ÄëEnjoy simple yet spacious work space with this sleek black desk, measuring 63''x23.6''x29.5'', is the perfect solution for your study, kid's room, or home office. With ample storage, it accommodates your computer, calendar, lamp, and other essentials, leaving enough room to enjoy a cup of coffee, „ÄêVERSATILE DESK„ÄëWhether you need a large office desk, a bedroom desk, a gaming setup, or a desk for your child's room, this versatile desk with storage fits seamlessly into any space, serving multiple purposes with ease, „ÄêREINFORCED STRUCTURE„ÄëCrafted from durable particleboard and thick steel tubes, this work from home desk offers a stable and sturdy structure. Reinforcement struts beneath the tabletop provide additional stability, ensuring its longevity for working or gaming, „ÄêVARIETY OF STYLES AND COLORS„ÄëAvailable in 4 stylish colours - grey, black, and rustic brown and white- and multiple sizes, this home desk can match your home decor and complement various design aesthetics, „ÄêSIMPLIFIED PACKAGE„ÄëUpgraded 46.5""L X 26.2""W X 3.0""H package is in small volume, eco-friendly and easy to deliver. Carry and transport with ease when you receive it, relieving the burden of bulky parcels, „ÄêEASY ASSEMBLY„ÄëSay goodbye to complicated setups. This PC desk with simple structure, visually demonstrative instruction and provided tools, it will be finished in less than 40 minutes","Large Legroom for Comfortable Streching Computer Desk with Spacious Desktop Previous page Next page Refined Details of the Computer Desk Reinforced Strut Adding enhanced struts to the back of the desk ensures stability when you are working or gaming. Adjustable Feet Make up the unevenness of the floor with our balanced adjustable feet. Home Office Desk Multiple Colours, Multiple Styles Available in 4 stylish colours - grey, black, and rustic brown and white - and multiple sizes, this desk can match your home decor and decorate to complement various space aesthetics. Your stylish choice for home office, study, bedroom... Dimension: 63''W x 23.6''D x 29.5''H Material: Particleboard, Metal Gaming Desk for Home Spaces Rustic Brown Computer Desk Series Computer Desk Add to Cart Rustic Brown Desk Add to Cart Office Desk Add to Cart Writing Desk Add to Cart Work Desk Add to Cart Writing Desk Add to Cart Customer Reviews 4.4 out of 5 stars 95 4.4 out of 5 stars 95 4.4 out of 5 stars 95 4.4 out of 5 stars 95 4.4 out of 5 stars 95 4.4 out of 5 stars 95 Price $54.99 $ 54 . 99 $59.99 $ 59 . 99 $79.99 $ 79 . 99 $119.99 $ 119 . 99 $139.99 $ 139 . 99 $159.99 $ 159 . 99 Metal Frame ‚úî ‚úî ‚úî ‚úî ‚úî ‚úî Reinforced Strut ‚úî ‚úî ‚úî ‚úî ‚úî ‚úî Adjustable Feet ‚úî ‚úî ‚úî ‚úî ‚úî ‚úî Length 40 Inch 48 Inch 54 Inch 63 Inch 70 Inch 80 Inch Colour Rustic Brown Rustic Brown Rustic Brown Rustic Brown and Black Rustic Brown and Black Rustic Brown and Black",,Amazon's Choice,,https://www.amazon.com/Huuger-Computer-Storage-Writing-Legroom/dp/B0CS3LVKDN,https://www.amazon.com/Huuger-Computer-Storage-Writing-Legroom/dp/B0CS3LVKDN/ref=sr_1_14?crid=CHSICPLSJDGN&dib=eyJ2IjoiMSJ9.UKhG84BaIUc1uVoxHhqU7Eg1ks7NdRty8KqnR1mACzJyshSaIAdELSrab9oPo0tfNBzBMkma-shjFzRo4XnO-uLOgB1H3leowoZIT2OyTXdgjM8qs9CpBjyFwf192ZM3j1JmMkLwUW0cVK8VorYzN-X-ITHRpXmo-vO4pAKoXdEr7ALfcXd5HVSFJf4unvRWg2rwaaXpM888Ojvi-RQDU10dHXMlPhjpx5b8hxrnQq-TL-Znl-OIw6gD0Rc0nuLHFOrZtaL3O3RF5ZG4QoC-VLYuNpGsqWn6i9fVG3bGsp8.LuTkW0MzBzfCY9RITIt2Bj16NSmUqGcMXPKbP4IfNpQ&dib_tag=se&keywords=office+desk&qid=1717862511&sprefix=office+desk%2Caps%2C114&sr=8-14,https://www.amazon.com/s?k=office+desk&crid=CHSICPLSJDGN&sprefix=office+desk%2Caps%2C114&ref=nb_sb_noss_1,Huuger Store,https://www.amazon.com/stores/Huuger/page/975151CB-428E-4419-9FA7-7DE66F23F0D6?ref_=ast_bln,https://m.media-amazon.com/images/I/41C0D5k+AeL.jpg,https://m.media-amazon.com/images/I/51qk8U5nTwL.jpg,https://m.media-amazon.com/images/I/31ttwHUJE7L.jpg,https://m.media-amazon.com/images/I/51Xad48+sAL.jpg,https://m.media-amazon.com/images/I/51-i2EaQAPL.jpg,,Metal,Huuger,Rustic Brown+black,Polished Steel,,Freestanding,"23.6""D x 63""W x 29.5""H","Office, Working, Gaming","Bedroom, Study Room",,Desk design Computer Desk,,Storage,Modern,,Number of Drawers 3,,,14,https://www.amazon.com/s?k=office+desk&crid=CHSICPLSJDGN&sprefix=office+desk%2Caps%2C114&ref=nb_sb_noss_1
"Furmax Electric Height Adjustable Standing Desk Large 55 x 24 Inches Sit Stand Up Desk Home Office Computer Desk Memory Preset with T-Shaped Metal Bracket, Black",B09W2HKC37,125.98,125.98,,,,0,$,In stock Usually ships within 2 to 3 days.,,FALSE,,4.5,4392,"Office Products, Office Furniture & Lighting, Desks & Workstations, Computer Workstations","„ÄêHealth Office Style„ÄëSitting for long periods of time at the office puts a huge strain on our bodies, leading to back and neck problems. This standing desk will bring a healthy way of workingÔºåallow you to sit and stand alternately to work, relieve leg numbness and body fatigue caused by long sitting, makes your energy more concentrated., „ÄêMemory Electric Lift„ÄëCompared with the ordinary office desk, this standing desk can easily control the height using buttons, so that it can be used by people of different heights in different scenes. The design of 1/2 memory keys allows it to be adjusted quickly and accurately to your preset comfortable height. The motor system also includes a child safety lock function, anti-collision function and overheat protection function., „ÄêLarge Wood Desktop„Äë We offer a desktop with a maximum size of 55 x 24 Inches which is made of high class wood with round desk corners and wires hole. The table surface is in wood pattern which is fashionable and aesthetically pleasing. The table top has large enough space to place stuff, like computer, notebook, working files, printer, and other office supplies. Kindly please be noted the desk table is divided by two, it is not a whole piece!, „ÄêDurable Quiet Motor„ÄëThe motor is made of good quality and each has been tested more than ten inspection processes before assembling to the desk. You can adjust the height between 28.7~46.4 inches at a speed of 1""/second with low noise (under 50 dB). This standing desk uses an advanced motor with longer service life, each motor can be used more than 10,000 times and durable enough of 2 years' daily use., „ÄêSturdy Desk Legs„Äë The desk legs are box frame structured, though it is made of steel material, it is not that heavy, it offers stableness and sturdiness in use. There are feet at the bottom of the desk legs, to balance the desk on ground. The wide T-shaped foot design makes the table maintain good stability even when at the highest height.","Furmax Large Electric Height Adjustable Standing Desk Our bodies are  designed to move, any form of inactivity whether standing or sitting for  a long time results in negative health implications. Sitting and standing alternately is a scientific and healthy office method. Furmax large electric lift desk, let you easily switch office mode, leading the trend of healthy office! Q1: What is the height range? A1:The height of the table can be adjusted freely between 28.7 inches and 46.4 inches and displayed with a height display screen. You can adjust it  to your most comfortable height by holding the UP/DOWN button and it  can be memorized using the 1/2 button. Q2: Is the motor durable? Does it make any noise? A2:The motor is made of good quality and each can be used more than 10,000 times and durable enough of 2-year daily use. Meanwhile it works very smooth and quiet with low noise  (under 50 dB). Q3: How long does it take to raise all the way up from lowest to highest heights? A3:About 20 seconds. You can switch the height from 28.7 to 46.4 inches easily. Q4: What is the maximum additional weight this desk can support and lift? A4:The weight capacity is 145lbs. The wide T-shaped foot design makes  the table maintain good stability even when used at the highest height. Q5: Is the tabletop one piece? A5:No, the desktop consists of two splicing boards but the tabletop  will be very flat following the installation manual when putting them  together. Q6: Troubleshooting steps in case any motor or panel problems. If you see ‚ÄúER1‚Äù displayed on the panel, unplug the power and re-plug to ensure that the power is connected, then press the down button for over 3 seconds till ‚ÄúRST‚Äù displayed, the system enters pre-reset state. If you see ‚ÄúRST‚Äù displayed on the panel, long press the down button till the lowest height, and the desk is reset. If the system not work yet after reset, please kindly let us know, we will help solve the problem as soon as possible. Anti-Collision System There is an anti-collision system built in the desk, if there is an  obstacle or pet under the desk during the height moving down, the desk  will stop first and then move upwards. High-Performence Motor The motor is made of good quality and each has been tested before  assembling to the desk, it works very smooth and quiet, so you will  not disturb others when adjusting the height. Wide T-shaped Foot The wide T-shaped foot design is one of the  most stable supports. Even when used at the highest height, the table  can maintain good  stability,  which is your reliable partner at work. Cambered Table Corner The cambered table corner with humanized design can protect the safety of your family,especially in families with children, it will be a   practical design. Adjustable Standing Desk Adjustable Standing Desk Adjustable Standing Desk Adjustable Standing Desk with Drawer Adjustable Standing Desk with Drawer Glass Top Standing Desk with Drawer Add to Cart Add to Cart Add to Cart See Details See Details Add to Cart Customer Reviews 4.5 out of 5 stars 4,392 4.5 out of 5 stars 4,392 4.5 out of 5 stars 4,392 5.0 out of 5 stars 3 5.0 out of 5 stars 3 5.0 out of 5 stars 3 Price $114.99 $ 114 . 99 $144.99 $ 144 . 99 $132.99 $ 132 . 99 ‚Äî ‚Äî $206.99 $ 206 . 99 Desktop Size 55 x 24 Inch 48 x 24 Inch 40 x 24 Inch 55 x 24 Inch 55 x 24 Inch 48 x 24 Inch Adjustable Height 28.7 to 46.4 Inch 28.7 to 46.4 Inch 28.7 to 46.4 Inch 28.5 to 46.2 Inch 28.5 to 46.2 Inch 28.5 to 46.2 Inch Pre-set Memory 2 Options 2 Options 2 Options 3 Options 3 Options 3 Options Anti-collision Mechanism ‚úì ‚úì ‚úì ‚úì ‚úì ‚úì Extra Features Headset Hook, Wire Hole Headset Hook, Wire Hole Headset Hook, Wire Hole Drawer, USB Ports Drawer, USB Ports Drawer, USB Ports Weight Capacity 145 Lbs 145 Lbs 145 Lbs 176 Lbs 176 Lbs 176 Lbs",,,,https://www.amazon.com/Furmax-Electric-Adjustable-Standing-Computer/dp/B09W2HKC37,https://www.amazon.com/Furmax-Electric-Adjustable-Standing-Computer/dp/B09W2HKC37/ref=sr_1_15?crid=CHSICPLSJDGN&dib=eyJ2IjoiMSJ9.UKhG84BaIUc1uVoxHhqU7Eg1ks7NdRty8KqnR1mACzJyshSaIAdELSrab9oPo0tfNBzBMkma-shjFzRo4XnO-uLOgB1H3leowoZIT2OyTXdgjM8qs9CpBjyFwf192ZM3j1JmMkLwUW0cVK8VorYzN-X-ITHRpXmo-vO4pAKoXdEr7ALfcXd5HVSFJf4unvRWg2rwaaXpM888Ojvi-RQDU10dHXMlPhjpx5b8hxrnQq-TL-Znl-OIw6gD0Rc0nuLHFOrZtaL3O3RF5ZG4QoC-VLYuNpGsqWn6i9fVG3bGsp8.LuTkW0MzBzfCY9RITIt2Bj16NSmUqGcMXPKbP4IfNpQ&dib_tag=se&keywords=office+desk&qid=1717862511&sprefix=office+desk%2Caps%2C114&sr=8-15,https://www.amazon.com/s?k=office+desk&crid=CHSICPLSJDGN&sprefix=office+desk%2Caps%2C114&ref=nb_sb_noss_1,Furmax Store,https://www.amazon.com/stores/Furmax/page/A9387283-3F74-4244-90A6-48D61AD7B83D?ref_=ast_bln&store_ref=bl_ast_dp_brandLogo_sto,https://m.media-amazon.com/images/I/41cpZQ+rOsL.jpg,https://m.media-amazon.com/images/I/51ImKcCLU+L.jpg,https://m.media-amazon.com/images/I/31jGlJzvFnL.jpg,https://m.media-amazon.com/images/I/51Tkhna2jaL.jpg,https://m.media-amazon.com/images/I/21Q+IgTkLXL.jpg,,Metal,Furmax,Black,Laminated,,,"24""D x 55""W x 28.7""H",Working,Office,,Desk design Standing Desk,,Adjustable Height,Modern,Wood,,,,15,https://www.amazon.com/s?k=office+desk&crid=CHSICPLSJDGN&sprefix=office+desk%2Caps%2C114&ref=nb_sb_noss_1
"Tribesigns 70.8-Inch Executive Desk, Large Computer Office Desk Workstation, Modern Simple Style Laptop Desk Study Writing Table Business Furniture for Home Office (Grey/White, 70.8 Inch)",B0C6DDJV1N,199.99,199.99,$209.99 ,209.99,,0,$,In Stock,,FALSE,,4.7,214,"Home & Kitchen, Furniture, Home Office Furniture, Home Office Desks","[Upgrade Your Workstation]: 70.86‚Äù x 31.49‚Äù large desktop can easily accommodate your books, files, laptop, desk lamps, and other office accessories. The abundant underneath space makes your legs stretch freely without any obstacles, creating a relaxed working environment for you!, [Multi-purpose Design]: Our versatile desk can work great as a computer desk, executive desk, conference table, or dining table to meet all your needs. The compact but stylish design makes this desk fit well with any home decor and maximizes your space., [Unique Appearance]: Upgrade your workspace with our modern computer desk! Pairing a classic vintage wood table top with a minimalist white x-shaped silhouette, the unique design is sure to make a lasting impression on your colleagues and clients alike., [Solid Construction]: Different from the common desks on the market, this office desk is made of a 1.57-inch thickened desktop and sturdy metal legs, which are durable enough to serve you for a long time, plus adjustable feet keep it stable on uneven floors., [What You Get]: Come with a Tribesigns home office desk, a set of assembly tools, and detailed instructions. Enjoy lifetime professional customer service and a worry-free experience with a free exchange for damaged and missing parts.","An ideal choice for modern office space! Our versatile desk can adapt to your every need. Whether you need a computer desk for your home office, a conference table for your meeting room, or a dining table for your kitchen, this multi-purpose desk can do it all. Take your workspace to the next level with our versatile table! Measures 70.86‚Äù L x 31.49‚Äù W x 29.52‚Äù H, spacious desktop can easily accommodate your books, files, laptop, desk lamps, and other office accessories. The sturdy particleboard desktop and heavy-duty steel frame legs make for a reliable and durable structure. The timeless rustic wood tabletop pairs perfectly with the minimalist white silhouette, creating a stylish look. The compact but multi-functional design makes it can be served as a computer table, executive desk, study table, or writing desk. Previous page Made of heavy-duty metal steel with X-shaped silhouette, providing excellent support for the table. Crafted with 1.57'' particle board for long-lasting use and it can be wiped with a damp cloth. 4 adjustable pads can help the desk keep stable on uneven floors and prevent floors from scratches. Next page 1 Reliable Structure 2 Thick Desktop 3 Adjustable Feet More Color for Your Choice Large Computer Desk See Details Large Computer Desk See Details Large Computer Desk Add to Cart Large Computer Desk Add to Cart Customer Reviews 4.7 out of 5 stars 214 4.7 out of 5 stars 214 4.7 out of 5 stars 214 4.7 out of 5 stars 214 Price ‚Äî ‚Äî $199.99 $ 199 . 99 $199.99 $ 199 . 99 Demension 31.49""D x 70.86""W x 29.52""H 31.49""D x 70.86""W x 29.52""H 31.49""D x 70.86""W x 29.52""H 31.49""D x 70.86""W x 29.52""H Color Brown/White Brown/Black Light Walnut/Black Grey/White Material Engineered Wood+Metal Engineered Wood+Metal Engineered Wood+Metal Engineered Wood+Metal Style Farmhouse Industrial Classic Retro Easy Assembly ‚úî ‚úî ‚úî ‚úî",,Amazon's Choice,,https://www.amazon.com/Tribesigns-70-8-Inch-Executive-Workstation-Furniture/dp/B0C6DDJV1N,https://www.amazon.com/Tribesigns-70-8-Inch-Executive-Workstation-Furniture/dp/B0C6DDJV1N/ref=sr_1_16?crid=CHSICPLSJDGN&dib=eyJ2IjoiMSJ9.UKhG84BaIUc1uVoxHhqU7Eg1ks7NdRty8KqnR1mACzJyshSaIAdELSrab9oPo0tfNBzBMkma-shjFzRo4XnO-uLOgB1H3leowoZIT2OyTXdgjM8qs9CpBjyFwf192ZM3j1JmMkLwUW0cVK8VorYzN-X-ITHRpXmo-vO4pAKoXdEr7ALfcXd5HVSFJf4unvRWg2rwaaXpM888Ojvi-RQDU10dHXMlPhjpx5b8hxrnQq-TL-Znl-OIw6gD0Rc0nuLHFOrZtaL3O3RF5ZG4QoC-VLYuNpGsqWn6i9fVG3bGsp8.LuTkW0MzBzfCY9RITIt2Bj16NSmUqGcMXPKbP4IfNpQ&dib_tag=se&keywords=office+desk&qid=1717862511&sprefix=office+desk%2Caps%2C114&sr=8-16,https://www.amazon.com/s?k=office+desk&crid=CHSICPLSJDGN&sprefix=office+desk%2Caps%2C114&ref=nb_sb_noss_1,Tribesigns Store,https://www.amazon.com/stores/Tribesigns/page/89863E9F-B80B-4A3A-9B90-E7AB9DEE24F5?ref_=ast_bln&store_ref=bl_ast_dp_brandLogo_sto,https://m.media-amazon.com/images/I/51LIS3LRxPL.jpg,https://m.media-amazon.com/images/I/41NwFhZb99L.jpg,https://m.media-amazon.com/images/I/51d8A9hkUZL.jpg,https://m.media-amazon.com/images/I/51hCcjPyXnL.jpg,https://m.media-amazon.com/images/I/51ZVvZKA0DL.jpg,,Metal,Tribesigns,Grey/White,Painted,,,"31.49""D x 70.86""W x 29.52""H",Working,"Office, Study Room",,Desk design Computer Desk,,Ergonomic,Modern,Engineered Wood,,,,16,https://www.amazon.com/s?k=office+desk&crid=CHSICPLSJDGN&sprefix=office+desk%2Caps%2C114&ref=nb_sb_noss_1
"Furologee Computer Desk with Drawer and Power Outlets, 47"" Office Desk with 2 Monitor Stands and Fabric File Cabinet, Writing Gaming Table with Shelves and 2 Hooks for Home Office, Rustic Brown",B0BYSFN7N9,109.99,109.99,,,,0,$,In Stock,,TRUE,,4.5,868,"Home & Kitchen, Furniture, Home Office Furniture, Home Office Desks","[Desk with Charging Station]: The computer desk includes a built-in 3 power outlets and 2 USB charging ports for your phone, bluetooth, headset, tablet, power bank, gaming gear with fast charging, which provides a great convenience to your life when you are working or playing games., [2 Movable Monitor Stands]: Our office study desk is equiped 2 monitor stands, each size is 18.9""*7.1"", meet your needs for placing 2 monitors; the monitor stand can easily raise the screen to the level parallel to our eyes, use the stand to move the monitor to any position at any time when you feel tired, effectively reduce the pressure on the neck and back., [Desk with Fabric File Cabinet]: Coming with a fabric drawer and file cabinet, 2 tier storage shelves, allowing you hold letter/A4 size files to prevent documents from falling into dust; placing printers, scanners or other office machines, keeps its within easy reach of desk., [Flexible CPU Stand]: The computer desk is equipped with a detachable CPU stand, which can be installed on the inside or outside of the desk for storing your computer tower or file folders; You can also remove it without affecting the normal use of the writing desk., [More Storage Capacity Desk]: 47"" computer desk with a file cabinet and 2 monitor stands, provids you plenty of storage room for your books, working documents; additional two hooks on side, you can place backpack, headphone, etc. space saving and making your tabletop more organized., [Comfortable and Sturdy Desk]: The home office desk is made from strong metal frame and durable E1 particleboard to ensure its strength and durability, which is waterproof and anti-scratch, very easy to clean; the inner metal bar can support your feet, allowing you to maintain a comfortable state when working., [Worry-free Service]: The size of the computer desk: 47.2""L*18.9""D*29.5""H; Easy-to-follow instructions and all assembly tools provided; Furologee provides customer service before and after purchase. If your items received are damaged, scratched or missing parts, please contact us at any time, and we will provide you with satisfactory solutions within 24 hours.","Furologee 47"" Computer Desk with Power Outlet and Dual Monitor Stand 4-in-1 Multifunctional Computer Desk Furologee computer desk includes 1 simple writing desk, 2 movable monitor stand, 1 detachable CPU stand, and 1 fabric file cabinet to meet your different needs Previous page Next page 1 Desk with Power Outlets 2 Flexible PC Tower 3 2 Movable Monitor Stands Writing Desk Product Features 2  Metal Hooks Equipped with 2 metal hooks for convenient storage of headphones, small items, etc., to keep the desktop clean. Fabric File Cabinet Computer desk with one fabric file cabinet increase additional space to meet different storage requirements, such as books, printers, files and so on. Adjustable Feet The rustic desk has 8 adjustable foot can not only protect your floor from scratches, but also ensure stability on uneven ground. Waterproof Wooden Board The computer desk has a waterproof top board, which is easy to clean and prevent scratches. More Desks for Your Choice 47"" Desk with Dual Stand Add to Cart Desk with 2 Drawers See Details 61"" Desk with Long Stand Add to Cart 61"" Desk with Power Add to Cart 66"" Desk with Dual Stand Add to Cart Customer Reviews 4.5 out of 5 stars 868 4.3 out of 5 stars 481 4.5 out of 5 stars 1,303 4.5 out of 5 stars 1,303 4.5 out of 5 stars 940 Price $109.99 $ 109 . 99 $59.49 $ 59 . 49 $139.99 $ 139 . 99 $149.99 $ 149 . 99 $169.99 $ 169 . 99 Product Size 47.2""L*18.9"" W*29.5""H 35.4""L x 17.7"" W x 29.5""H 61.3""L x 18.9""D x 33.2""H 61.3""L x 18.9""D x 33.2""H (66.1+47.2)""L*18.9""W*29.5""H QTY of Drawers 2 2 2 2 2 Monitor Stand Size 18.9""*7.1"" NO 44.5""*7.8"" 44.5""*7.8"" 23.62""*7.09"" Power Outlets ‚úî ‚úò ‚úò ‚úî ‚úò Shelf Feature Detachable NO Adjustable Adjustable Adjustable",,Amazon's Choice,,https://www.amazon.com/Furologee-Computer-Outlets-Monitor-Cabinet/dp/B0BYSFN7N9,https://www.amazon.com/Furologee-Computer-Outlets-Monitor-Cabinet/dp/B0BYSFN7N9/ref=sr_1_17?crid=CHSICPLSJDGN&dib=eyJ2IjoiMSJ9.UKhG84BaIUc1uVoxHhqU7Eg1ks7NdRty8KqnR1mACzJyshSaIAdELSrab9oPo0tfNBzBMkma-shjFzRo4XnO-uLOgB1H3leowoZIT2OyTXdgjM8qs9CpBjyFwf192ZM3j1JmMkLwUW0cVK8VorYzN-X-ITHRpXmo-vO4pAKoXdEr7ALfcXd5HVSFJf4unvRWg2rwaaXpM888Ojvi-RQDU10dHXMlPhjpx5b8hxrnQq-TL-Znl-OIw6gD0Rc0nuLHFOrZtaL3O3RF5ZG4QoC-VLYuNpGsqWn6i9fVG3bGsp8.LuTkW0MzBzfCY9RITIt2Bj16NSmUqGcMXPKbP4IfNpQ&dib_tag=se&keywords=office+desk&qid=1717862511&sprefix=office+desk%2Caps%2C114&sr=8-17,https://www.amazon.com/s?k=office+desk&crid=CHSICPLSJDGN&sprefix=office+desk%2Caps%2C114&ref=nb_sb_noss_1,Furologee Store,https://www.amazon.com/stores/Furologee/page/4D944248-BA82-4B07-AEE4-CCBD23FB0309?ref_=ast_bln&store_ref=bl_ast_dp_brandLogo_sto,https://m.media-amazon.com/images/I/51uqUi9SGcL.jpg,https://m.media-amazon.com/images/I/518O+0Db0XL.jpg,https://m.media-amazon.com/images/I/41ZiWPAw94L.jpg,https://m.media-amazon.com/images/I/51pIgK1AYoL.jpg,https://m.media-amazon.com/images/I/51xZJn7L2UL.jpg,,Metal,Furologee,Rustic Brown,Wood,,Tabletop,"47.24""D x 18.9""W x 29.53""H","Working, Drafting, Writing, Gaming","Office, Dormitory, Bedroom, Living Room, Classroom",,Desk design Computer Desk,,Convertible,Country Rustic,,Number of Drawers 2,,,17,https://www.amazon.com/s?k=office+desk&crid=CHSICPLSJDGN&sprefix=office+desk%2Caps%2C114&ref=nb_sb_noss_1
"Lufeiya White Computer Desk with File Drawers Cabinet, 47 Inch Home Office Desks with Fabric Filing Cabinet for Small Space, Modern Writing Table PC Desks, White",B0CQ4Q4S3B,99.86,99.86,,,,0,$,In Stock,,TRUE,,4.4,186,"Home & Kitchen, Furniture, Home Office Furniture, Home Office Desks","MODERN SIMPLE STYLE DESIGN: This Splice Board Desk is made of thick P2 Particle wood board with scratch-resistant, anti-collision and waterproof, protect home office desk surface from daily wear and tear, white desktop match white metal steel frame match almost room decoration, giving you spacious and free workstation space for your office activities, like working, studying, gaming, and so on. The desk is USPTO Patent Approved., VERSATILE FILE CABINET: Computer desk with 3 ùôÅùôñùôóùôßùôûùôò ùòøùôßùôñùô¨ùôöùôßùô®, the addition of this feature renders the desk lightweight and facilitates its mobility. One versatile file cabinet keep everything you need well organized and easily accessible. Two small drawers offers storage solution to your home office supplies. The adjustable file drawer is suitable for hanging legal size or letter size files. You can try this two installation methods (left or right)., STURDY STRUCTURE: Extra fixed steel brackets and adjustable leg pads provide greater stability, ensure the desktop is level, non-slip & anti-scratch protectors under the legs to protect your floor from scratching and reducing noises when moving., EASY ASSEMBLE: A detailed instruction manual and tool are provided, no other tools required, quick and easy to assemble, about 20 minutes., 2 YEARS WARRANTY GUARANTEE: Provides professional customer service,easy and fast replacement is guaranteed if have quality problem in 2 years, please feel free conct us if any question for this little desk.","47 inch Computer Desk With Fabric File Drawers Cabinet WORK OFFICE WRITING DESK White desktop match white metal steel frame match almost room decoration, giving spacious and free workstation space for the office activities, like working, studying, gaming, and so on. Reversible Drawer Unit & Easy Installation The table with reversible design, you can try this two installation methods (left or right) according to the workplace, so it can maximize the small space. Fabric File Cabinet One versatile file cabinet keep everything you need well organized and easily accessible. Two small drawers offers storage solution to the home office supplies. The adjustable file drawer is suitable for hanging legal size or letter size files. Easy Assembly & Storage Capacity * Desk is light-weight, and easy to put together. * Small computer desks, modern style, offer large leg spaces, with storage bag for document or books holder addons * Desk is smooth to the touch and a good thickness to make it feel solid. Waterproof Desktop & Stable & Adjustable Leg Pads * Desk is made of thick Particle board with scratch-resistant, anti-collision, and waterproof, protect home office desk surface from daily wear and tear. *Extra Fastening ribs and adjustable leg pads provide greater stability, ensure the desktop is level,Non-slip & anti-scratch protectors under the legs to protect your floor from scratching and reducing noises when moving. 3 Fabric Drawers *Computer desk with 3 ùôÅùôñùôóùôßùôûùôò ùòøùôßùôñùô¨ùôöùôßùô®, the addition of this feature renders the desk lightweight and facilitates its mobility. 40"" Desk with 3 Drawers 40"" Vanity Desk 32"" Desk with 2 Drawers 57"" Desk with 4 Drawers 40"" Desk with 4 Drawers 40"" Desk with 4 Drawers Add to Cart Add to Cart Add to Cart Add to Cart Add to Cart Add to Cart Customer Reviews 4.4 out of 5 stars 676 4.0 out of 5 stars 16 4.4 out of 5 stars 676 2.0 out of 5 stars 4 4.4 out of 5 stars 1,306 4.4 out of 5 stars 1,306 Price $84.99 $ 84 . 99 $119.99 $ 119 . 99 $67.89 $ 67 . 89 $99.89 $ 99 . 89 $72.16 $ 72 . 16 $75.99 $ 75 . 99 Demension 39.4''x19.7''x29.5'' 39.4''x19.7''x31.1'' 31.5""*15.7""*29.5"" 57""*17.7""*31.1"" 39.4''x19.7''x29.5'' 39.4''x19.7''x29.5'' Material P2 Engineered Wood+Metal P2 Engineered Wood+Metal P2 Engineered Wood+Metal P2 Engineered Wood+Metal P2 Engineered Wood+Metal P2 Engineered Wood+Metal Number of Drawers 3 3 2 4 4 4 Storage Bag ‚úì ‚úì ‚úì ‚úì Iron hook ‚úì ‚úì ‚úì ‚úì ‚úì ‚úì 55"" Computer Desk 40"" L Shaped Desk With Shelves White 47"" L Shaped Computer Desk White 47"" L Shaped Computer Desk Brown 47"" Computer Desk 47"" Computer Desk Add to Cart Add to Cart Add to Cart Add to Cart Add to Cart Add to Cart Customer Reviews 4.2 out of 5 stars 37 4.5 out of 5 stars 759 4.5 out of 5 stars 1,912 4.5 out of 5 stars 1,912 4.2 out of 5 stars 241 4.2 out of 5 stars 241 Price $119.99 $ 119 . 99 $84.99 $ 84 . 99 $119.99 $ 119 . 99 $119.99 $ 119 . 99 $109.99 $ 109 . 99 $109.99 $ 109 . 99 Demension 55""*18.8""*33.5"" 39.4''x27.5''x29.5'' 47.2''x26.7''x29.5'' 47.2''x26.7''x29.5'' 47.2''x19.7''x29.5'' 47.2''x19.7''x29.5'' Material P2 Engineered Wood+Steel P2 Engineered Wood+Steel P2 Engineered Wood+Steel P2 Engineered Wood+Steel P2 Engineered Wood+Steel P2 Engineered Wood+Steel Storage Bag ‚úì ‚úì ‚úì ‚úì Number of Drawers 3 4 4 4 4 Power Outlets ‚úì ‚úì ‚úì ‚úì Storage Shelves ‚úì ‚úì ‚úì ‚úì ‚úì ‚úì How to contact with us?",,,,https://www.amazon.com/Lufeiya-Computer-Drawers-Cabinet-Writing/dp/B0CQ4Q4S3B,https://www.amazon.com/Lufeiya-Computer-Drawers-Cabinet-Writing/dp/B0CQ4Q4S3B/ref=sr_1_18?crid=CHSICPLSJDGN&dib=eyJ2IjoiMSJ9.UKhG84BaIUc1uVoxHhqU7Eg1ks7NdRty8KqnR1mACzJyshSaIAdELSrab9oPo0tfNBzBMkma-shjFzRo4XnO-uLOgB1H3leowoZIT2OyTXdgjM8qs9CpBjyFwf192ZM3j1JmMkLwUW0cVK8VorYzN-X-ITHRpXmo-vO4pAKoXdEr7ALfcXd5HVSFJf4unvRWg2rwaaXpM888Ojvi-RQDU10dHXMlPhjpx5b8hxrnQq-TL-Znl-OIw6gD0Rc0nuLHFOrZtaL3O3RF5ZG4QoC-VLYuNpGsqWn6i9fVG3bGsp8.LuTkW0MzBzfCY9RITIt2Bj16NSmUqGcMXPKbP4IfNpQ&dib_tag=se&keywords=office+desk&qid=1717862511&sprefix=office+desk%2Caps%2C114&sr=8-18,https://www.amazon.com/s?k=office+desk&crid=CHSICPLSJDGN&sprefix=office+desk%2Caps%2C114&ref=nb_sb_noss_1,Lufeiya Store,https://www.amazon.com/stores/LUFEIYA/page/286014F1-E7F9-4883-9C03-6BD4FA62A3EE?ref_=ast_bln&store_ref=bl_ast_dp_brandLogo_sto,https://m.media-amazon.com/images/I/31hD++OJr5L.jpg,https://m.media-amazon.com/images/I/41LZfz47HdL.jpg,https://m.media-amazon.com/images/I/410o1HCi-CL.jpg,https://m.media-amazon.com/images/I/41KQp3RdoLL.jpg,https://m.media-amazon.com/images/I/51AewxBiOHL.jpg,,Metal,Lufeiya,White,Powder Coated,,Freestanding,"46.6""D x 19.7""W x 29.5""H","Working, Drafting, Writing, Gaming","Office, Bedroom, Living Room, Study Room",,"Desk design Writing Desk, Computer Desk",,Reversible,Modern,,Number of Drawers 3,,,18,https://www.amazon.com/s?k=office+desk&crid=CHSICPLSJDGN&sprefix=office+desk%2Caps%2C114&ref=nb_sb_noss_1
"Computer Desk - 39‚Äù Gaming Desk, Home Office Desk with Storage, Small Desk with Monitor Stand, Rustic Writing Desk for 2 Monitors, Adjustable Storage Space, Modern Design Corner Table.",B0BYSGY7CD,55.98,55.98,,,,0,$,In Stock,,TRUE,,4.5,3802,"Home & Kitchen, Furniture, Home Office Furniture, Home Office Desks","Computer Desk For Multifunction: This computer desk is simple but practical that allows you to work, write, and type in a comfortable and organized way. It's perfect use as a computer desk, office desk, writing table, gaming desk, makeup desk, console table., Multi-Functional Monitor Stand: This modern computer desk has an incredible multi-functional monitor stand. The size of this desk monitor stand allows you to have two monitors at the same level. This computer desk with monitor shelf not only allow you to have more storage space on the desktop and raises your screen for improved visibility, but also you can install the monitor stand under the desk to turn this monitor stand into an under table bookshelf., Reversible Storage Shelves: This gaming table with a monitor stand has two spacious and adjustable open shelves for storage. This desk with shelves is reversible that can be installed on either left or right. The adjustable shelf of computer desk allows you to store different sizes of stuff, such as computer hosts, books, office stationeries, and small devices. The reversible open shelf design of the office desk keeps everything easy to reach and organize., Modern Industrial Feature: This home office desk with storage has a large piece of high-end MDF board with the popular rustic brown walnut veneers, a high-quality contrasting stainless steel base in Rustic Black matte black writing desk creates a special modern industrial charm that can easily match any style of home or office furniture., Scratch Resistance Surface: The home office desk top is made of medium-density fiberboard with two layers of a glossy finish which gives a smooth and high-end classic outlook to the work desk and this finish provides a great waterproof surface and scratch resistance. The adjustable footpads on the bottom can keep the desk stable on the uneven floor and prevent you scratch the floor by moving this wood computer desk.","Wide Monitor Shelf The desktop shelf is 34 inches long, which is perfect for placing dual monitors. Two Installation Heights The adjustable middle shelf board provides two heights for you to customize your space. Storage Shelves for Muti-Use With the desktop shelf installed in the bottom of the desk, there is a large space for your foot to relax or storage books and other items. High Quality Made of the textured surface, this vintage desk is anti-skidding, anti-scratched, water proof and easy cleaning. Sturdy Structure The desk frame is made of heavy-duty powder-coated steel which ensures stability and durability. Adjustable & Anti-Slips Pads Adjustable feet pads keep the desk stable and prevent your floor from being scratched.",,Amazon's Choice Amazon's Choice,,https://www.amazon.com/MINOSYS-Computer-Desk-Monitors-Adjustable/dp/B0BYSGY7CD,https://www.amazon.com/MINOSYS-Computer-Desk-Monitors-Adjustable/dp/B0BYSGY7CD/ref=sr_1_19?crid=CHSICPLSJDGN&dib=eyJ2IjoiMSJ9.UKhG84BaIUc1uVoxHhqU7Eg1ks7NdRty8KqnR1mACzJyshSaIAdELSrab9oPo0tfNBzBMkma-shjFzRo4XnO-uLOgB1H3leowoZIT2OyTXdgjM8qs9CpBjyFwf192ZM3j1JmMkLwUW0cVK8VorYzN-X-ITHRpXmo-vO4pAKoXdEr7ALfcXd5HVSFJf4unvRWg2rwaaXpM888Ojvi-RQDU10dHXMlPhjpx5b8hxrnQq-TL-Znl-OIw6gD0Rc0nuLHFOrZtaL3O3RF5ZG4QoC-VLYuNpGsqWn6i9fVG3bGsp8.LuTkW0MzBzfCY9RITIt2Bj16NSmUqGcMXPKbP4IfNpQ&dib_tag=se&keywords=office+desk&qid=1717862511&sprefix=office+desk%2Caps%2C114&sr=8-19,https://www.amazon.com/s?k=office+desk&crid=CHSICPLSJDGN&sprefix=office+desk%2Caps%2C114&ref=nb_sb_noss_1,Brand: MINOSYS,https://www.amazon.com/MINOSYS/b/ref=bl_dp_s_web_120336406011?ie=UTF8&node=120336406011&field-lbr_brands_browse-bin=MINOSYS,https://m.media-amazon.com/images/I/51ckH93r6KL.jpg,https://m.media-amazon.com/images/I/51PoChndQZL.jpg,https://m.media-amazon.com/images/I/514Nuvn1FEL.jpg,https://m.media-amazon.com/images/I/31ewDK1IsuL.jpg,https://m.media-amazon.com/images/I/51m3STFMBSL.jpg,,Storage,MINOSYS,Rustic,Wood,,Floor Mount,"17.8""D x 39""W x 29.5""H",Face Makeup,Office,,Desk design Computer Desk,,Unlit,Modern,,Number of Drawers 3,,,19,https://www.amazon.com/s?k=office+desk&crid=CHSICPLSJDGN&sprefix=office+desk%2Caps%2C114&ref=nb_sb_noss_1
"Coleshome 48 Inch Computer Desk, Modern Simple Style Desk for Home Office, Study Student Writing Desk, Vintage",B0BWJKZ6L2,64.99,64.99,$89.99 ,89.99,,0,$,In Stock Only 4 left in stock - order soon.,,TRUE,,4.5,24224,"Home & Kitchen, Furniture, Home Office Furniture, Home Office Desks","„ÄêDiversified Use of Scenes„Äë7 top & 3 leg colors are offered to help you find the perfect color combination and can be your winning secret to having different style room. This dedicated computer desk is designed for you to work and study in the classroom, office or at home., „ÄêSmall Desk Panel Dimension„Äë48""(L) x 20""(W) x 29""(H) . Large space for a computer desk, great choice for home office activity including writing work, offering plenty of leg room for rest and storage., „ÄêSturdy Enough for Use„ÄëThick metal frames made of heavy-duty powder coated steel improve stability and safety in use. The extremely easy to clean desktop is waterproof and scratch-resistant. Legs of high thickness are strong enough to support heavy-duty parcels., „ÄêEasy & Fast Setup and Clean„ÄëAll tools are prepared in the package, so just follow the clear instruction to assemble the desk effortlessly within 30mins! Melamine veneer tabletop is waterproof ,heat-resistant and dust free so you just need a damp, „Äê100% Customer Satisfaction„Äë Your Satisfaction is Our Goal. We are here to support you if you encounter any problems before or after purchase. Don't wait any longer, enjoy it right now.",Previous page Next page Previous page Next page 1 2 3 4,,Amazon's Choice,,https://www.amazon.com/Coleshome-Computer-Student-Writing-Vintage/dp/B0BWJKZ6L2,https://www.amazon.com/Coleshome-Computer-Student-Writing-Vintage/dp/B0BWJKZ6L2/ref=sr_1_20?crid=CHSICPLSJDGN&dib=eyJ2IjoiMSJ9.UKhG84BaIUc1uVoxHhqU7Eg1ks7NdRty8KqnR1mACzJyshSaIAdELSrab9oPo0tfNBzBMkma-shjFzRo4XnO-uLOgB1H3leowoZIT2OyTXdgjM8qs9CpBjyFwf192ZM3j1JmMkLwUW0cVK8VorYzN-X-ITHRpXmo-vO4pAKoXdEr7ALfcXd5HVSFJf4unvRWg2rwaaXpM888Ojvi-RQDU10dHXMlPhjpx5b8hxrnQq-TL-Znl-OIw6gD0Rc0nuLHFOrZtaL3O3RF5ZG4QoC-VLYuNpGsqWn6i9fVG3bGsp8.LuTkW0MzBzfCY9RITIt2Bj16NSmUqGcMXPKbP4IfNpQ&dib_tag=se&keywords=office+desk&qid=1717862511&sprefix=office+desk%2Caps%2C114&sr=8-20,https://www.amazon.com/s?k=office+desk&crid=CHSICPLSJDGN&sprefix=office+desk%2Caps%2C114&ref=nb_sb_noss_1,Coleshome Store,https://www.amazon.com/stores/Coleshome/page/1A2B112D-B3F5-428C-86A7-C7F72A759BA8?ref_=ast_bln,https://m.media-amazon.com/images/I/41Ww4lMXqbL.jpg,https://m.media-amazon.com/images/I/51Qm8ZB6RdL.jpg,https://m.media-amazon.com/images/I/41RtKTKiQZL.jpg,https://m.media-amazon.com/images/I/51qx3tFsJ0L.jpg,https://m.media-amazon.com/images/I/51+BCnHKZfL.jpg,,Wood,Coleshome,Vintage,Powder Coated,,,"48""D x 20""W x 29""H","Writing,Working","Office, Classroom",,Desk design Computer Desk,,"Scratch Resistant, Rust Resistant",Modern,Engineered Wood,,,,20,https://www.amazon.com/s?k=office+desk&crid=CHSICPLSJDGN&sprefix=office+desk%2Caps%2C114&ref=nb_sb_noss_1