name,asin,price,price_parsed,old_price,old_price_parsed,strike_price,price_saving,currency,availability,shipping,prime,merchant_info,rating,reviews,categories,about,description,coupon_save,badge,summary_badge,short_url,url,ref_url,store_title,store_url,details_average_battery_life_(in_hours),details_batteries,details_best_sellers_rank,details_brand,details_color,details_connectivity_technologies,details_country_of_origin,details_customer_reviews,details_date_first_available,details_department,details_hardware_platform,details_is_discontinued_by_manufacturer,details_item_dimensions_lxwxh,details_item_model_number,details_item_weight,details_manufacturer,details_operating_system,details_os,details_other_display_features,details_package_dimensions,details_power_source,details_product_dimensions,details_series,details_special_features,details_whats_in_the_box,image_1,image_2,image_3,image_4,image_5,overview_brand,overview_color,overview_connectivity_technology,overview_movement_detection_technology,overview_special_feature,position,query
"Redragon M612 Predator RGB Gaming Mouse, 8000 DPI Wired Optical Gamer Mouse with 11 Programmable Buttons & 5 Backlit Modes, Software Supports DIY Keybinds Rapid Fire Button",B08SJ5Z8JL,16.48,16.48,$24.99,24.99,,0.0,$,In Stock In Stock,"GetFast, Free ShippingwithAmazon PrimeGetFast, Free ShippingwithAmazon Prime",True,,4.6,4097,"Video Games, PC, Accessories, Gaming Mice","Pentakill, 5 DPI Levels - Geared with 5 redefinable DPI levels (default as: 500/1000/2000/3000/4000), easy to switch between different game needs. Dedicated demand of DPI options between 500-8000 is also available to be processed by software., Any Button is Reassignable - 11 programmable buttons are all editable with customizable tactical keybinds in whatever game or work you are engaging. 1 rapid fire + 2 side macro buttons offer you a better gaming and working experience., Comfort Grip with Details - The skin-friendly frosted coating is the main comfort grip of the mouse surface, which offers you the most enjoyable fingerprint-free tactility. The left side equipped with rubber texture strengthened the friction and made the mouse easier to control., 5 Decent Backlit Modes - Turn the backlit on and make some kills in your gaming battlefield. The hyped dynamic RGB backlit vibe will never let you down when decorating your gaming space, it would be better with other Redragon accessories with lights on., Fatigue Killer with Ergonomic Design - Solid frame with a streamlined and general claw-grip design offers each gamer a satisfying and comfortable gaming experience with less fatigue even though after hours of use.","DIY As Much As You Want The powerful M612 software supports DPI redefinition, 5 levels are both detailed to XY coordinate system adjustable between 500-8000. Check our base website Redragonshop to download. Remap The Buttons Out All buttons on M612 are able to be reassigned and keybinded, set macros from one click to complex combo keybinds easily.  Other functions like rapid fire, profile switch, media control are all ready to go with your order. Precision Actuation With advanced optical sensor, M612 is designed for more stable and accurate data transmission. Equipped with reporting rate adjustable function, every single click will be triggered at once. M612 M991 M908 M913 M686 M808-WT Add to Cart Add to Cart Add to Cart Add to Cart Add to Cart Add to Cart Customer Reviews 4.6 out of 5 stars 4,097 4.6 out of 5 stars 1,468 4.4 out of 5 stars 13,911 4.4 out of 5 stars 13,911 4.5 out of 5 stars 3,618 4.4 out of 5 stars 835 Price $16.48 $ 16 . 48 $42.99 $ 42 . 99 $32.89 $ 32 . 89 $46.99 $ 46 . 99 $39.99 $ 39 . 99 $29.99 $ 29 . 99 Wired/Wireless Wired 2.4G Wireless/Wired Wired Wireless/Wired Wireless/Wired Wired Sensor Optical Pixart 3104 Optical Pixart 3370 Optical Pixart 3327 Optical Pixart 3335 Optical Pixart 3335 Optical Pixart 3327 DPI 500-8,000 100-19,000 100-12,400 100-16,000 100-16,000 100-12,400 ACC 15G 50G 30G 40G 40G 30G Programmable Buttons 11 9 20 16 8 7 Backlit RGB RGB RGB RGB RGB RGB Adjustable Weights / / 8x2.4g / / / Switch Type HUANO HUANO HUANO HUANO HUANO HUANO Software ✓ ✓ ✓ ✓ ✓ ✓",,Amazon's Choice,Overall Pick,https://www.amazon.com/Redragon-M612-Predator-Programmable-Software/dp/B08SJ5Z8JL,https://www.amazon.com/Redragon-M612-Predator-Programmable-Software/dp/B08SJ5Z8JL/ref=sr_1_1?crid=3J4TXQQ91TBSQ&dib=eyJ2IjoiMSJ9.7y9vC8QceKnNSkDCMt_cpVZfuKgGlO4yREW8RaiugzBxK0StNQRLYW9hCrq4j0v4_p2xr45bEEl_Gbb3CDp8xbBmhfgrRfQGGUAIyXT64mZSl5eyqiMMYFrycLIjTKJ5T3xjy46sKLd1aTxRsab2jmKjliC-0qGW9qAxXdakZD4vJ-gR-JNEB8SJEXmbzpSpqVdSvEhcid4XcaeLG5UuYDpHP04XgD4IXj8KWE_aFnY.IgclKj0pSKKJri1n4fX5gHgUuYDZgwxv1BvRKsFUe28&dib_tag=se&keywords=gaming+mouse&qid=1717863854&sprefix=gamming+mouse%2Caps%2C90&sr=8-1,https://www.amazon.com/s?k=gamming+mouse&crid=3J4TXQQ91TBSQ&sprefix=gamming+mouse%2Caps%2C90&ref=nb_sb_noss_2,Redragon Store,https://www.amazon.com/stores/REDRAGON/page/C9D23970-BAEE-41FD-9E1B-F6B3A3B895ED?ref_=ast_bln&store_ref=bl_ast_dp_brandLogo_sto,,,#56 in Video Games ( See Top 100 in Video Games ) #3 in PC Gaming Mice,,,,China,4.6 out of 5 stars,"January 8, 2021",,,,,M612-RGB,5.1 ounces,Redragon,,,,,,5 x 3 x 0.04 inches,,,,https://m.media-amazon.com/images/I/31H-GJo2zEL.jpg,https://m.media-amazon.com/images/I/41q1GNG1pQL.jpg,https://m.media-amazon.com/images/I/41HmhzIGIsL.jpg,https://m.media-amazon.com/images/I/41CCA2zWHsL.jpg,https://m.media-amazon.com/images/I/51oiY3gPV5L.jpg,Redragon,Black,USB,Optical,"Rapid Fire Key, Comfort Grip, Macro Keys",1,https://www.amazon.com/s?k=gamming+mouse&crid=3J4TXQQ91TBSQ&sprefix=gamming+mouse%2Caps%2C90&ref=nb_sb_noss_2
"Logitech G502 HERO High Performance Wired Gaming Mouse, HERO 25K Sensor, 25,600 DPI, RGB, Adjustable Weights, 11 Programmable Buttons, On-Board Memory, PC / Mac",B07GBZ4Q68,39.76,39.76,$79.99,79.99,,0.0,$,In Stock In Stock,,True,,4.7,51599,"Video Games, PC, Accessories, Gaming Mice","Hero 25K sensor through a software update from G HUB, this upgrade is free to all players: Our most advanced, with 1:1 tracking, 400-plus ips, and 100 - 25,600 max dpi sensitivity plus zero smoothing, filtering, or acceleration, 11 customizable buttons and onboard memory: Assign custom commands to the buttons and save up to five ready to play profiles directly to the mouse, Adjustable weight system: Arrange up to five removable 3.6 grams weights inside the mouse for personalized weight and balance tuning, Programmable RGB Lighting and Lightsync technology: Customize lighting from nearly 16.8 million colors to match your team's colors, sport your own or sync colors with other Logitech G gear, Mechanical switch button tensioning: Metal spring tensioning system and pivot hinges are built into left and right gaming mouse buttons for a crisp, clean click feel with rapid click feedback, 1 year hardware limited warranty. USB report rate: 1000Hz (1ms), Microprocessor: 32-bit ARM. Use Logitech G HUB to save your settings to the on board memory on the mouse and take them with you. Your saved settings will work on any PC without additional software or any login required.","Logitech updated its iconic G502 gaming mouse to deliver even higher performance and more precise functionality than ever. Logitech G502 Hero high Performance Gaming mouse features the next generation Hero 16K Optical sensor, The highest performing and most efficient gaming sensor Logitech has ever made. An all-New lens and an updated tracking algorithm deliver ultra-precise tracking with no acceleration, smoothing, or filtering over the entire DPI range. Now, customize RGB mouse lighting to match your style and environment or sync to other Logitech G products. No matter your gaming style, It's easy to tweak G502 Hero to match your requirements, with custom profiles for your games, adjustable sensitivity from 200 up to 16, 000 DPI, and a tunable weight system that allows for tuning and balancing of up to five 3. 6G weights for just the right balance and feel.",,Amazon's Choice,Popular Brand Pick,https://www.amazon.com/Logitech-G502-Performance-Gaming-Mouse/dp/B07GBZ4Q68,https://www.amazon.com/Logitech-G502-Performance-Gaming-Mouse/dp/B07GBZ4Q68/ref=sr_1_2?crid=3J4TXQQ91TBSQ&dib=eyJ2IjoiMSJ9.7y9vC8QceKnNSkDCMt_cpVZfuKgGlO4yREW8RaiugzBxK0StNQRLYW9hCrq4j0v4_p2xr45bEEl_Gbb3CDp8xbBmhfgrRfQGGUAIyXT64mZSl5eyqiMMYFrycLIjTKJ5T3xjy46sKLd1aTxRsab2jmKjliC-0qGW9qAxXdakZD4vJ-gR-JNEB8SJEXmbzpSpqVdSvEhcid4XcaeLG5UuYDpHP04XgD4IXj8KWE_aFnY.IgclKj0pSKKJri1n4fX5gHgUuYDZgwxv1BvRKsFUe28&dib_tag=se&keywords=gaming+mouse&qid=1717863854&sprefix=gamming+mouse%2Caps%2C90&sr=8-2,https://www.amazon.com/s?k=gamming+mouse&crid=3J4TXQQ91TBSQ&sprefix=gamming+mouse%2Caps%2C90&ref=nb_sb_noss_2,Logitech G Store,https://www.amazon.com/stores/LogitechG/page/0F4BFDF6-CD4A-4A8C-83A2-3104165D740C?ref_=ast_bln&store_ref=bl_ast_dp_brandLogo_sto,,‎1 AA batteries required. (included),#18 in Video Games ( See Top 100 in Video Games ) #1 in PC Gaming Mice,‎Logitech G,‎Black,,‎China,4.7 out of 5 stars,"‎August 24, 2018",‎mouse,‎PC,‎No,‎2.95 x 1.57 x 0.1 inches,‎910-005469,‎4.3 ounces,‎Logitech,‎OS,,,,‎Corded Electric,‎2.95 x 1.57 x 0.1 inches,‎Logitech G502 HERO High Performance Gaming Mouse,,,https://m.media-amazon.com/images/I/4189N8RLVYL.jpg,https://m.media-amazon.com/images/I/518Gk0TvplL.jpg,https://m.media-amazon.com/images/I/41D4XPq8fOL.jpg,https://m.media-amazon.com/images/I/41jeMMewdAL.jpg,https://m.media-amazon.com/images/I/41g4yJ4j9LL.jpg,Logitech G,Black,USB,Optical,"Programmable Buttons, Touch Scroll, LED Lights",2,https://www.amazon.com/s?k=gamming+mouse&crid=3J4TXQQ91TBSQ&sprefix=gamming+mouse%2Caps%2C90&ref=nb_sb_noss_2
Razer DeathAdder Essential Gaming Mouse: 6400 DPI Optical Sensor - 5 Programmable Buttons - Mechanical Switches - Rubber Side Grips - Classic Black,B094PS5RZQ,23.49,23.49,$29.99,29.99,,0.0,$,In Stock Only 18 left in stock - order soon. In Stock,"GetFast, Free ShippingwithAmazon Prime",True,,4.4,11140,"Video Games, PC, Accessories, Gaming Mice","HIGH-PRECISION 6,400 DPI OPTICAL SENSOR — Offers on-the-fly sensitivity adjustment through dedicated DPI buttons (reprogrammable) for gaming and creative work, DURABLE MECHANICAL SWITCHES — Supports up to 10 million clicks, backed by a 2 year warranty, RIDGED, RUBBERIZED SCROLL WHEEL FOR MAXIMUM ACCURACY — Small, tactile bumps increases grip and allows for more controlled scrolling in high-stakes gaming situations, 5 PROGRAMMABLE BUTTONS — Allows for button remapping and assignment of complex macro functions through Razer Synapse, #1 SELLING PC GAMING PERIPHERALS BRAND IN THE U.S. — Source — Circana, Retail Tracking Service, U.S., Dollar Sales, Gaming Designed Mice, Keyboards, and PC Headsets, Jan. 2019- Dec. 2023 combined","The Razer DeathAdder essential retains the classic ergonomic form that's been a hallmark of previous Razer DeathAdder generations. Its sleek and distinct body is designed for comfort, allowing you to maintain high levels of performance throughout long gaming marathons, so you'll never falter in the heat of battle.",,Amazon's Choice Amazon's Choice,,https://www.amazon.com/Razer-DeathAdder-Essential-Gaming-Mouse/dp/B094PS5RZQ,https://www.amazon.com/Razer-DeathAdder-Essential-Gaming-Mouse/dp/B094PS5RZQ/ref=sr_1_3?crid=3J4TXQQ91TBSQ&dib=eyJ2IjoiMSJ9.7y9vC8QceKnNSkDCMt_cpVZfuKgGlO4yREW8RaiugzBxK0StNQRLYW9hCrq4j0v4_p2xr45bEEl_Gbb3CDp8xbBmhfgrRfQGGUAIyXT64mZSl5eyqiMMYFrycLIjTKJ5T3xjy46sKLd1aTxRsab2jmKjliC-0qGW9qAxXdakZD4vJ-gR-JNEB8SJEXmbzpSpqVdSvEhcid4XcaeLG5UuYDpHP04XgD4IXj8KWE_aFnY.IgclKj0pSKKJri1n4fX5gHgUuYDZgwxv1BvRKsFUe28&dib_tag=se&keywords=gaming+mouse&qid=1717863854&sprefix=gamming+mouse%2Caps%2C90&sr=8-3,https://www.amazon.com/s?k=gamming+mouse&crid=3J4TXQQ91TBSQ&sprefix=gamming+mouse%2Caps%2C90&ref=nb_sb_noss_2,Razer Store,https://www.amazon.com/stores/Razer/page/CDB96030-A7CF-4B56-B70C-67086A740274?ref_=ast_bln&store_ref=bl_ast_dp_brandLogo_sto,,,#66 in Video Games ( See Top 100 in Video Games ) #4 in PC Gaming Mice,‎Razer,‎Classic Black,,,4.4 out of 5 stars,"‎June 1, 2021",,‎PC,,‎5.01 x 2.86 x 1.69 inches,‎RZ01-03850100-R3U1,‎4.6 ounces,‎Razer,,,,,‎Corded Electric,‎5.01 x 2.86 x 1.69 inches,‎Deathadder Essential,,,https://m.media-amazon.com/images/I/31dHVsk8vKL.jpg,https://m.media-amazon.com/images/I/41h4T6+KJLS.jpg,https://m.media-amazon.com/images/I/41ZruJqEMBS.jpg,https://m.media-amazon.com/images/I/41iV6mm5lRS.jpg,https://m.media-amazon.com/images/I/41fl-Das20L.jpg,Razer,Classic Black,Wired,Optical,"Programmable Buttons, Optical Sensor, Ergonomic, Lightweight, Durable",3,https://www.amazon.com/s?k=gamming+mouse&crid=3J4TXQQ91TBSQ&sprefix=gamming+mouse%2Caps%2C90&ref=nb_sb_noss_2
"Logitech G305 LIGHTSPEED Wireless Gaming Mouse, Hero 12K Sensor, 12,000 DPI, Lightweight, 6 Programmable Buttons, 250h Battery Life, On-Board Memory, PC/Mac - Black",B07CMS5Q6P,39.88,39.88,$49.99,49.99,,0.0,$,In Stock In Stock In Stock,,True,,4.6,29650,"Video Games, PC, Accessories, Gaming Mice","HERO Gaming Sensor: Next-gen HERO mouse sensor delivers up to 10x the power efficiency over other gaming mice with exceptional accuracy and responsiveness thanks to 400 IPS precision and up to 12000 DPI sensitivity, LIGHTSPEED Wireless: Ultra-fast LIGHTSPEED Wireless technology gives you a lag-free gaming experience. The G305 wireless gaming mouse delivers incredible responsiveness and reliability with a super-fast 1ms report rate for competition-level performance. Mechanical Button Tensioning System, Ultra-Long Battery Life: The G305 wireless Logitech mouse boasts an incredible 250 hours of continuous gameplay on a single AA battery so you can play at peak performance without worrying about running out of power, Lightweight design: Thanks to an efficient mechanical design, the G305 gaming mouse weighs in at only 99 grams for high manoeuvrability, Compact, portable design with convenient built-in storage for included USB wireless receiver. Max. speed: > 400 IPS, Portable Convenience: The durable, compact design with built-in USB receiver storage makes the G305 means you can take it with you., 2-year limited hardware warranty","Play advanced without wires or limits. logitech G G305 LIGHTSPEED is a wireless gaming mouse designed for high-performance in your favorite PC games. G305 features the next-gen logitech G HERO optical sensor with 200 to 12,000 DPI sensitivity for competition-level accuracy. LIGHTSPEED wireless technology gives you super-fast 1 millisecond performance that’s as fast as wired. With incredible power-efficiency, G305 stays powered and ready to play for up to 250 hours on a single included AA battery. Play anywhere with an ultra-portable, lightweight gaming mouse that weighs in at only 99 grams, is easy to take with you, and has built-in storage for the included USB wireless receiver. Use logitech G Gaming Software to quickly program 6 buttons with instant multi-action commands, DPI settings and more. G305 is the Lightspeed wireless mouse for all.",,Amazon's Choice,Best Seller,https://www.amazon.com/Logitech-LIGHTSPEED-Wireless-Gaming-Mouse/dp/B07CMS5Q6P,https://www.amazon.com/Logitech-LIGHTSPEED-Wireless-Gaming-Mouse/dp/B07CMS5Q6P/ref=sr_1_4?crid=3J4TXQQ91TBSQ&dib=eyJ2IjoiMSJ9.7y9vC8QceKnNSkDCMt_cpVZfuKgGlO4yREW8RaiugzBxK0StNQRLYW9hCrq4j0v4_p2xr45bEEl_Gbb3CDp8xbBmhfgrRfQGGUAIyXT64mZSl5eyqiMMYFrycLIjTKJ5T3xjy46sKLd1aTxRsab2jmKjliC-0qGW9qAxXdakZD4vJ-gR-JNEB8SJEXmbzpSpqVdSvEhcid4XcaeLG5UuYDpHP04XgD4IXj8KWE_aFnY.IgclKj0pSKKJri1n4fX5gHgUuYDZgwxv1BvRKsFUe28&dib_tag=se&keywords=gaming+mouse&qid=1717863854&sprefix=gamming+mouse%2Caps%2C90&sr=8-4,https://www.amazon.com/s?k=gamming+mouse&crid=3J4TXQQ91TBSQ&sprefix=gamming+mouse%2Caps%2C90&ref=nb_sb_noss_2,Logitech G Store,https://www.amazon.com/stores/LogitechG/page/0F4BFDF6-CD4A-4A8C-83A2-3104165D740C?ref_=ast_bln&store_ref=bl_ast_dp_brandLogo_sto,‎250 Hours,‎1 AA batteries required. (included),#33 in Video Games ( See Top 100 in Video Games ) #1 in Mac Gaming Mice #2 in PC Gaming Mice,‎Logitech G,‎Black,,‎China,4.6 out of 5 stars,"‎May 15, 2018",,‎PC/Mac,‎No,‎2.45 x 1.5 x 4.6 inches,‎910-005280,‎3.36 ounces,‎Logitech,‎Microsoft Windows,,,,‎Battery Powered,‎2.45 x 1.5 x 4.6 inches,‎G305,,,https://m.media-amazon.com/images/I/31+saSWhrFL.jpg,https://m.media-amazon.com/images/I/41aGnaihzKL.jpg,https://m.media-amazon.com/images/I/41Oxi8OgRWL.jpg,https://m.media-amazon.com/images/I/41XTtcUKb3L.jpg,https://m.media-amazon.com/images/I/41CQToL98fL.jpg,Logitech G,Black,Wireless,Optical,"Wireless, Lightweight, Programmable Buttons, Onboard Memory, Lightweight, Portable, Long Battery Life See more",4,https://www.amazon.com/s?k=gamming+mouse&crid=3J4TXQQ91TBSQ&sprefix=gamming+mouse%2Caps%2C90&ref=nb_sb_noss_2
"TMKB Falcon M1SE Ultralight Honeycomb Gaming Mouse, High-Precision 12800DPI Optical Sensor, 6 Programmable Buttons, Customizable RGB, Drag-Free Paracord, Ergonomic, Wired - Matte White",B0BGKBT1JG,15.99,15.99,$19.99,19.99,,0.0,$,In Stock In Stock,"GetFast, Free ShippingwithAmazon Prime",True,,4.5,1411,"Video Games, PC, Accessories, Gaming Mice","✅Ultralight Honeycomb Gaming Mouse: A medium size that most people can easily hold, an ultra-light weight of only 75g, and an ergonomic honeycomb design for comfortable grip and operation in games and offices, ✅High-Speed Precision Optical Sensor: The high precision optical sensor, adjustable range of 200-12800 DPI and polling rate of 125-1000Hz provide falcon-like response and precise cursor movement for gaming, ✅6 Height-Customizable Programmable Buttons: Button function remapping, including 4 configuration editing layers, rapid fire, macro recording, and shortcut key actions, ✅Rainbow Strip with Changeable RGB Colors: Ribbon RGB has 16.8 million adjustable colors, and the ribbon RGB can change according to the rhythm of the game sound and music, adding to the atmosphere of the game, ✅Drag-Free Paracord & Buttery Mouse Feet: High-quality lightweight compilation umbrella rope and smooth skates mouse feet, bringing silky smooth game operation and achieving a wireless-like feeling, ✅Highly Customized Driver Software: With TMKB's powerful driver software, you can remap the functions of mouse buttons, record macros, configure editing layers, and customize the color of RGB strips, ✅After-sales Service: Our products support one year warranty, if you encounter any problems, please feel free to contact us, TMKB will give you a satisfactory answer within 24 hours!","List of Product Specifications and Parameters (It is Enough to Read These) Max Fps 7000 Max acceleration 20g (can withstand 40G acceleration) Max Moving Speed 60inch/s Max Polling Rate 1000Hz/1ms (Adjustable Range of 125-1000Hz) Max DPI 12,800DPI (Adjustable Range of 200-12,800DPI) RGB Backlight 16.8 Million Color (Long press the key in the mouse to turn off the light) Number of Memory Profile 4 Number of Programming Buttons 6 Macro recording Support Button Remapping Support Software Support (The Last Image has a Software Download Guide) Compatibility Windows/MAC OS/Android USB Cable Length 5.90inch (180cm) Item Weight 75g (No cable weight) Length x Width x Height 4.91inch x 2.48inch x 1.59inch (124.8mm x 62.9mm x 40.5mm) TMKB M1SE is Not Just a Gaming Mouse, But Also Easily Handles Office Tasks Previous page Next page Previous page Where can I download the software? Software download address: kemove.com/wp-content/uploads/2022/11/TMKB-M1SE.20220915.zip Next page 1 Button Remapping 2 Macro Recording 3 Customize Parameters 4 Custom RGB 5 Software Download",,Amazon's Choice Amazon's Choice,Limited time deal,https://www.amazon.com/TMKB-M1SE-High-Precision-Programmable-Customizable/dp/B0BGKBT1JG,https://www.amazon.com/TMKB-M1SE-High-Precision-Programmable-Customizable/dp/B0BGKBT1JG/ref=sr_1_5?crid=3J4TXQQ91TBSQ&dib=eyJ2IjoiMSJ9.7y9vC8QceKnNSkDCMt_cpVZfuKgGlO4yREW8RaiugzBxK0StNQRLYW9hCrq4j0v4_p2xr45bEEl_Gbb3CDp8xbBmhfgrRfQGGUAIyXT64mZSl5eyqiMMYFrycLIjTKJ5T3xjy46sKLd1aTxRsab2jmKjliC-0qGW9qAxXdakZD4vJ-gR-JNEB8SJEXmbzpSpqVdSvEhcid4XcaeLG5UuYDpHP04XgD4IXj8KWE_aFnY.IgclKj0pSKKJri1n4fX5gHgUuYDZgwxv1BvRKsFUe28&dib_tag=se&keywords=gaming+mouse&qid=1717863854&sprefix=gamming+mouse%2Caps%2C90&sr=8-5,https://www.amazon.com/s?k=gamming+mouse&crid=3J4TXQQ91TBSQ&sprefix=gamming+mouse%2Caps%2C90&ref=nb_sb_noss_2,TMKB Technology Mechanical KeyBoard Store,https://www.amazon.com/stores/TMKB/page/FF574D25-BA28-496F-850C-F38FBD201BA0?ref_=ast_bln,,,#191 in Video Games ( See Top 100 in Video Games ) #10 in PC Gaming Mice,,,,China,4.5 out of 5 stars,"November 9, 2022",,,,,M1SE,2.65 ounces,TMKB Technology Mechanical KeyBoard,,,,,,4.91 x 2.48 x 0.04 inches,,,,https://m.media-amazon.com/images/I/41Jpat8718L.jpg,https://m.media-amazon.com/images/I/51vtbXDvIjL.jpg,https://m.media-amazon.com/images/I/51ZGba621oL.jpg,https://m.media-amazon.com/images/I/51rftrRQ99L.jpg,https://m.media-amazon.com/images/I/512bup6Po5L.jpg,TMKB Technology Mechanical KeyBoard,White,USB,Optical,"Drag-Free Paracord, High-Precision Optical Sensor, 6 Programmable Buttons, Ultralight Honeycomb Design, Customizable RGB See more",5,https://www.amazon.com/s?k=gamming+mouse&crid=3J4TXQQ91TBSQ&sprefix=gamming+mouse%2Caps%2C90&ref=nb_sb_noss_2
"Redragon Gaming Mouse, Wireless Mouse Gaming with 8000 DPI, PC Gaming Mice with Fire Button, RGB Backlit Programmable Ergonomic Mouse Gamer, Rechargeable, 70Hrs for Windows, Mac Gamer, Black",B0B66RHD7B,23.99,23.99,$37.99,37.99,,0.0,$,In Stock In Stock,"GetFast, Free ShippingwithAmazon Prime",True,,4.5,2369,"Video Games, PC, Accessories, Gaming Mice","⚡️【Fully Programmable Gaming Mouse】-This wireless gaming mouse make it possible for you to remap the buttons, assignment of complex macro functions, change RGB backlit effects and speed, adjust DPI in a wide range(250-8000) to fit your different needs via redragon driver, It's a good choice for gaming and working.The gaming driver is compatible with windows only., ⚡️【Enhance Your Gaming Immersion】With 9 Adjustable RGB Backlit modes, you can adjust backlits effects via mouse or driver to create you fancy gaming environment and light up your game atmosphere., ⚡️【Born For Victory】 Never miss a gaming mouse that adopts Rapid Fire button ((1 Click=Triple Clicks) while you are gaming, it helps you beat your opponents quickly with just one click., ⚡️【High Precision Sensor】Features with 5 default DPI levels(500/1000/2000/ 3000/4000) and multiple adjustable DPI(250-8000) via driver, you can easily adjust the moving speed, and experience a smooth, fast response and accurate tracking gaming experience., ⚡️【Ultra Long Battery Life】The rechargeable wireless gaming mouse has a battery life between 35 hours (RGB on) and 70 hours (RGB off) on a single charge, provide you with non stopping using.it will auto sleep after 1 minute of inactively for power saving.The wireless mouse also can be used wired while charging., ⚡️【Professional After-Sales Service】We provide every Redragon customer with 24-Month Warranty , Please feel free to contact us when you meet any problem. We will spare no effort to provide the best service to every customer within 24 hours to help you.","Previous page 9 Programmable Buttons All buttons can be programmable to fit your customizable needs Enhance Your Gaming Immersion Adjust backlit modes, effects and speed via driver to create you fancy gaming environment Macro Editing Combine multiple keys in one button, making work and gaming more efficient Next page 1 9 Programmable Buttons 2 Customizable RGB Backlits 3 Macro Editing Light UP Your Gaming World! ! ! Secret Weapon For Your Gaming ! ! ！ More Details For This Product PLAY WITHOUT LIMITS The 2.4GHZ wireless technology makes it possible to connect your computer without wires. And it can be used with the diatance up to 10m. WIDE COMPATIBILITY Perfectly compatible with Windows 7/8/10/11、XP/Vista/Mac OS. Please note that the gaming driver is compatible with Windows only. ULTRA LONG BATTERY LIFE The wireless gaming mouse has a battery life between 35 hours (RGB on) and 70 hours (RGB off) on a single charge, provide you with nonstopping using. SUPER DURABILITY & RELIABILITY With durable material made and 20 million clicks supports, Redragon M910-KS gaming mouse is really suit for your daliy gaming use. How to Download the Driver? Download Steps: 1.Go to Redragon(Redragonzone) website, 2.Clicks the button""DOWNLOAD"", then click the button""MOUSE"" 3.Search “M910-KS”, click the image, it will jump the path to download the driver. Note: The gaming driver is only compatible with Windows operating systems. Explore More Redragon Gaming Mouse Wireless Gaming Mouse Add to Cart 3 Mode Ergonomic Mouse Add to Cart Tri-mode Gaming Mouse Add to Cart Wireless Ergonomic Mouse Add to Cart Ergonomic Gaming Mouse Add to Cart Professional Gaming Mouse Add to Cart Wired Gaming Mouse Add to Cart Customer Reviews 4.5 out of 5 stars 2,369 4.3 out of 5 stars 39 4.4 out of 5 stars 846 4.5 out of 5 stars 265 4.3 out of 5 stars 44 4.5 out of 5 stars 356 4.5 out of 5 stars 356 Price $23.99 $ 23 . 99 $32.99 $ 32 . 99 $36.99 $ 36 . 99 $38.99 $ 38 . 99 $22.99 $ 22 . 99 $32.99 $ 32 . 99 $28.99 $ 28 . 99 Model Number M910-KS M814 M914 M915WL M614 M915 M812 Connectivity Technology 2.4G/Wired Bluetooth/2.4G/Wired Bluetooth/2.4G/Wired 2.4G/Wired Wired 2.4G/Wired Wired DPI 250-8000 800-8000 250-10000 1000-16000 250-8000 1000-26000 1000-16000 Customize Buttons 9 11 9 10 11 10 9 RGB ✔ ✔ ✔ ✔ ✔ ✔ ✔ Programmable ✔ ✔ ✔ ✔ ✔ ✔ ✔ Rechargeable ✔ ✔ ✔ ✔ ✘ ✘ ✘",,Amazon's Choice Amazon's Choice,Limited time deal,https://www.amazon.com/Redragon-Wireless-Backlit-Programmable-Rechargeable/dp/B0B66RHD7B,https://www.amazon.com/Redragon-Wireless-Backlit-Programmable-Rechargeable/dp/B0B66RHD7B/ref=sr_1_6?crid=3J4TXQQ91TBSQ&dib=eyJ2IjoiMSJ9.7y9vC8QceKnNSkDCMt_cpVZfuKgGlO4yREW8RaiugzBxK0StNQRLYW9hCrq4j0v4_p2xr45bEEl_Gbb3CDp8xbBmhfgrRfQGGUAIyXT64mZSl5eyqiMMYFrycLIjTKJ5T3xjy46sKLd1aTxRsab2jmKjliC-0qGW9qAxXdakZD4vJ-gR-JNEB8SJEXmbzpSpqVdSvEhcid4XcaeLG5UuYDpHP04XgD4IXj8KWE_aFnY.IgclKj0pSKKJri1n4fX5gHgUuYDZgwxv1BvRKsFUe28&dib_tag=se&keywords=gaming+mouse&qid=1717863854&sprefix=gamming+mouse%2Caps%2C90&sr=8-6,https://www.amazon.com/s?k=gamming+mouse&crid=3J4TXQQ91TBSQ&sprefix=gamming+mouse%2Caps%2C90&ref=nb_sb_noss_2,Redragon Store,https://www.amazon.com/stores/REDRAGON/page/C9D23970-BAEE-41FD-9E1B-F6B3A3B895ED?ref_=ast_bln&store_ref=bl_ast_dp_brandLogo_sto,,1 Lithium Polymer batteries required. (included),#96 in Video Games ( See Top 100 in Video Games ) #5 in PC Gaming Mice,,,,,4.5 out of 5 stars,"July 20, 2022",,,,,M910-KS,4.8 ounces,Redraogon,,,,,,5.12 x 2.76 x 0.04 inches,,,,https://m.media-amazon.com/images/I/31PB5xEjLiL.jpg,https://m.media-amazon.com/images/I/51Fw9vgOynL.jpg,https://m.media-amazon.com/images/I/51dbvhjnJJL.jpg,https://m.media-amazon.com/images/I/51Q+6EvMPqL.jpg,https://m.media-amazon.com/images/I/512QCJs0VrL.jpg,Redragon,Black,2.4G USB Receiver,Optical,Programmable Buttons,6,https://www.amazon.com/s?k=gamming+mouse&crid=3J4TXQQ91TBSQ&sprefix=gamming+mouse%2Caps%2C90&ref=nb_sb_noss_2
"Redragon M908 Impact RGB LED MMO Gaming Mouse with 12 Side Buttons, Optical Wired Ergonomic Gamer Mouse with Max 12,400DPI, High Precision, 20 Programmable Macro Shortcuts, Comfort Grip",B07HC4NBQ8,32.89,32.89,,,,0.0,$,In Stock In Stock,"GetFast, Free ShippingwithAmazon Prime",True,,4.4,13911,"Video Games, PC, Accessories, Gaming Mice","Professional Gaming Mouse - Redragon M908 optical gaming mouse is designed with up to 12400 DPI, 5 adjustable DPI levels (500/1000/2000/3000/6200 DPI) meet your multiple needs, either for daily work or gaming. DPI can be adjusted freely by ±100 from 100 to 12400 via software. 1000 Hz polling rate, 30G acceleration and high-precision Pixart PAW3327 Sensor giving you a greater edge over your competition., RGB Backlight & Programmable Buttons - 16.8 million RGB LED color options (LED Backlight can be disabled). 18 programmable buttons, 5 memory profiles each with a dedicated light color for quick identification. Comes with 8-piece weight tuning set (2.4g x8), easy to change the weight to suit your games., Comfort & Precision At Your Hands - Redragon M908 gaming mouse is an essential computer accessory for die-hard gamers with its aggressive design for hands! You will be amazed by the unmatched comfort, lethal accuracy and killer precision of our durable, desktop and laptop pro gaming mouse!, High-end Design - Redragon M908 Mouse features 8 buttons and 12 MMO programmable side buttons. Durable smooth TEFLON feet pads for ultimate gaming control. 6ft braided-fiber cable with gold-plated USB connector ensures greater durability., Die-hard Gamers Choice - Whether you are targeting, aiming, slashing or attacking, a professional gaming mouse is your basic weapon! The mouse will be your ideal partner. Compatible with Windows 2000/ME/XP/03/VISTA/7/8/10 system for programmable using and Mac OS for normal using.","M908 M810 PRO M686 M612 M991 M811 Add to Cart Add to Cart Add to Cart Add to Cart Add to Cart Add to Cart Customer Reviews 4.4 out of 5 stars 13,911 4.6 out of 5 stars 1,468 4.5 out of 5 stars 3,618 4.6 out of 5 stars 4,097 4.6 out of 5 stars 1,468 4.2 out of 5 stars 899 Price $32.89 $ 32 . 89 $32.99 $ 32 . 99 $39.99 $ 39 . 99 $16.48 $ 16 . 48 $42.99 $ 42 . 99 $34.99 $ 34 . 99 Wired/Wireless Wired 2.4G Wireless/Wired 2.4G Wireless/Wired Wired 2.4G Wireless/Wired Wired Sensor Optical Pixart 3327 Optical Pixart 3325 Optical Pixart 3335 Optical Pixart 3104 Optical Pixart 3370 Optical Pixart 3327 DPI 100-12,400 100-10,000 100-16,000 500-8,000 100-19,000 100-12,400 ACC 30G 20G 40G 15G 50G 30G Programmable Buttons 20 8 8 11 9 15 Backlit RGB RGB RGB RGB RGB RGB Adjustable Weights 8x2.4g / / / / / Switch Type HUANO HUANO HUANO HUANO HUANO HUANO Software ✓ ✓ ✓ ✓ ✓ ✓",,Amazon's Choice,,https://www.amazon.com/Redragon-Impact-Buttons-Precision-Programmable/dp/B07HC4NBQ8,https://www.amazon.com/Redragon-Impact-Buttons-Precision-Programmable/dp/B07HC4NBQ8/ref=sr_1_7?crid=3J4TXQQ91TBSQ&dib=eyJ2IjoiMSJ9.7y9vC8QceKnNSkDCMt_cpVZfuKgGlO4yREW8RaiugzBxK0StNQRLYW9hCrq4j0v4_p2xr45bEEl_Gbb3CDp8xbBmhfgrRfQGGUAIyXT64mZSl5eyqiMMYFrycLIjTKJ5T3xjy46sKLd1aTxRsab2jmKjliC-0qGW9qAxXdakZD4vJ-gR-JNEB8SJEXmbzpSpqVdSvEhcid4XcaeLG5UuYDpHP04XgD4IXj8KWE_aFnY.IgclKj0pSKKJri1n4fX5gHgUuYDZgwxv1BvRKsFUe28&dib_tag=se&keywords=gaming+mouse&qid=1717863854&sprefix=gamming+mouse%2Caps%2C90&sr=8-7,https://www.amazon.com/s?k=gamming+mouse&crid=3J4TXQQ91TBSQ&sprefix=gamming+mouse%2Caps%2C90&ref=nb_sb_noss_2,Redragon Store,https://www.amazon.com/stores/REDRAGON/page/C9D23970-BAEE-41FD-9E1B-F6B3A3B895ED?ref_=ast_bln&store_ref=bl_ast_dp_brandLogo_sto,,,#233 in Video Games ( See Top 100 in Video Games ) #14 in PC Gaming Mice,,,,China,4.4 out of 5 stars,"September 13, 2018",,,No,,M908,6.2 ounces,Redragon,,,,,,4.8 x 3.62 x 1.65 inches,,,,https://m.media-amazon.com/images/I/410-owI-rML.jpg,https://m.media-amazon.com/images/I/41Ij8elHkuL.jpg,https://m.media-amazon.com/images/I/51dSHA0K3SL.jpg,https://m.media-amazon.com/images/I/51V8Y8rkDKL.jpg,https://m.media-amazon.com/images/I/51K8Mu9+X+L.jpg,Redragon,Black,USB,Optical,"Programmable Buttons, LED Lights",7,https://www.amazon.com/s?k=gamming+mouse&crid=3J4TXQQ91TBSQ&sprefix=gamming+mouse%2Caps%2C90&ref=nb_sb_noss_2
Razer Basilisk V3 Customizable Ergonomic Gaming Mouse: Fastest Gaming Mouse Switch - Chroma RGB Lighting - 26K DPI Optical Sensor -Classic Black,B09C13PZX7,49.49,49.49,$69.99,69.99,,0.0,$,In Stock Only 3 left in stock - order soon. Only 19 left in stock - order soon.,,True,,4.7,6399,"Video Games, PC, Accessories, Gaming Mice","ICONIC ERGONOMIC DESIGN WITH THUMB REST — PC gaming mouse favored by millions worldwide with a form factor that perfectly supports the hand while its buttons are optimally positioned for quick and easy access, 11 PROGRAMMABLE BUTTONS — Assign macros and secondary functions across 11 programmable buttons to execute essential actions like push-to-talk, ping, and more, HYPERSCROLL TILT WHEEL — Speed through content with a scroll wheel that free-spins until its stopped or switch to tactile mode for more precision and satisfying feedback that’s ideal for cycling through weapons or skills, 11 RAZER CHROMA RGB LIGHTING ZONES — Customize each zone from over 16.8 million colors and countless lighting effects, all while it reacts dynamically with over 150 Chroma integrated games, OPTICAL MOUSE SWITCHES GEN 2 — With zero unintended misclicks these switches provide crisp, responsive execution at a blistering 0.2ms actuation speed for up to 70 million clicks, FOCUS+ 26K DPI OPTICAL SENSOR — Best-in-class mouse sensor with intelligent functions flawlessly tracks movement with zero smoothing, allowing for crisp response and pixel-precise accuracy, #1 SELLING PC GAMING PERIPHERALS BRAND IN THE U.S. — Source — Circana, Retail Tracking Service, U.S., Dollar Sales, Gaming Designed Mice, Keyboards, and PC Headsets, Jan. 2019- Dec. 2023 combined","Create, control, and champion your playstyle with the new Razer Basilisk V3—the quintessential ergonomic gaming mouse for customized performance. With 10+1 programmable buttons, a dual-mode tilt scroll wheel, and a heavy dose of Razer Chroma RGB, it's time to light up the competition your way.",,Amazon's Choice Amazon's Choice,,https://www.amazon.com/Razer-Basilisk-Customizable-Ergonomic-Gaming/dp/B09C13PZX7,https://www.amazon.com/Razer-Basilisk-Customizable-Ergonomic-Gaming/dp/B09C13PZX7/ref=sr_1_8?crid=3J4TXQQ91TBSQ&dib=eyJ2IjoiMSJ9.7y9vC8QceKnNSkDCMt_cpVZfuKgGlO4yREW8RaiugzBxK0StNQRLYW9hCrq4j0v4_p2xr45bEEl_Gbb3CDp8xbBmhfgrRfQGGUAIyXT64mZSl5eyqiMMYFrycLIjTKJ5T3xjy46sKLd1aTxRsab2jmKjliC-0qGW9qAxXdakZD4vJ-gR-JNEB8SJEXmbzpSpqVdSvEhcid4XcaeLG5UuYDpHP04XgD4IXj8KWE_aFnY.IgclKj0pSKKJri1n4fX5gHgUuYDZgwxv1BvRKsFUe28&dib_tag=se&keywords=gaming+mouse&qid=1717863854&sprefix=gamming+mouse%2Caps%2C90&sr=8-8,https://www.amazon.com/s?k=gamming+mouse&crid=3J4TXQQ91TBSQ&sprefix=gamming+mouse%2Caps%2C90&ref=nb_sb_noss_2,Razer Store,https://www.amazon.com/stores/Razer/page/CDB96030-A7CF-4B56-B70C-67086A740274?ref_=ast_bln&store_ref=bl_ast_dp_brandLogo_sto,,‎1 Lithium Ion batteries required.,#110 in Video Games ( See Top 100 in Video Games ) #2 in Mac Gaming Mice #7 in PC Gaming Mice,‎Razer,‎Classic Black,,‎China,4.7 out of 5 stars,"‎September 8, 2021",,"‎PC, Mac",,‎2.96 x 5.12 x 1.67 inches,‎RZ01-04000100-R3U1,‎3.56 ounces,‎Razer,"‎Windows 11, Windows 10",,,,‎Corded Electric,‎2.96 x 5.12 x 1.67 inches,‎Basilisk V3,,,https://m.media-amazon.com/images/I/41j96eEspDL.jpg,https://m.media-amazon.com/images/I/41vmgZyWlHL.jpg,https://m.media-amazon.com/images/I/51XpciVLsRL.jpg,https://m.media-amazon.com/images/I/51r1de4BG6L.jpg,https://m.media-amazon.com/images/I/4113r7ViQWL.jpg,Razer,Classic Black,USB,Optical,Ergonomic Design,8,https://www.amazon.com/s?k=gamming+mouse&crid=3J4TXQQ91TBSQ&sprefix=gamming+mouse%2Caps%2C90&ref=nb_sb_noss_2
"BENGOO Gaming Mouse Wired, Ergonomic Gamer Laptop PC USB Optical Computer Mice with RGB Backlit, 4 Adjustable DPI Up to 3600, 6 Programmable Buttons for Windows 7/8/10/XP Vista Linux -Black",B00Z9V0NKC,9,9.0,$19.99,19.99,,0.0,$,In Stock In Stock,"GetFast, Free ShippingwithAmazon Prime",True,,4.6,12489,"Video Games, Legacy Systems, Nintendo Systems, Nintendo NES, Accessories","【Speed DPI Switch】 Bengoo customizable RGB gaming mice, with 4 adjustable DPI speed Switch:1200-1600-2400-3600, you can control the speed more freely and easily. No need any driver, plug and play directly., 【Flexible Buttons】 Equipped with six buttons: Left button, Right button, Forward, Back, DPI button and Scroll wheel, meets for your demands excellently for different games, enables to switch fast while gaming., 【Lighting Colors】 Muti-colors lights greatly match your style, provide you fancy gaming environment and highlight your game atmosphere., 【Ergonomic Design】 Perfectly fits under your palm, skin-friendly material we take provides you a perfect hand feel, gives gamers the most comfortable gaming experienece and makes you feel free from fatigue., 【Wide Compatibility】 Support Windows XP, Vista, Windows 7, Windows 8. Adaptable for Notebook, PC, laptop, Computer, Macbook and so on.","Previous page CREATIVE DESIGN The LED light can be changed from multi colors to suit your games, style and different environment. REDUCES FRICTION FOOTPAD Offers you more smooth moving with low friction, promise your best and convenient using feeling. Compatible with WinXP/7/8/10. Adaptable for Notebook, PC, laptop, Computer, Macbook and so on. Next page 1 HUMANIZED DESIGN 2 COOL BREATHING LIGHTS 3 ANTI- SKIP PAD 4 ADJUSTABLE DPI 5 WIDE COMPATIBILITY Previous page Next page 1 FOR GAMING 2 FOR OFFICE USE 3 FOR OUTDOORS Bengoo Mouse M1 Gaming Mouse Add to Cart M4 Gaming Mouse Add to Cart KM1 Wireless Gaming Mouse See Details KM2 Wireless Gaming Mouse See Details Customer Reviews 4.6 out of 5 stars 12,489 4.5 out of 5 stars 273 4.0 out of 5 stars 140 4.3 out of 5 stars 107 Price $9.00 $ 9 . 00 $14.99 $ 14 . 99 — — Connection Wired Wired Wireless Wireless Mouse Shape Ambidextrous Right-Handed Right-Handed Right-Handed Buttons 6 7 6 7 Light Modes 7 Breathing Lights RGB RGB RGB DPI Levels 1200-1600-2400-3600 800-1600-2400-3200-4800-8000 800-1200-1600 800-1600-3200 How do we get it to change colors? When you plug it on, it starts out a randomly chosen color, then soon after it changes colors. Can the light of the mouse be turned off? The light of mouse will light up when it is plugged in. If you want to turn it off, please pull it out from the USB port. What is the length of the mouse wire? About 150cm (4.9ft) Does it need any drivers? Just Plug and Play. NO additional software or firmware is required.",,Amazon's Choice Amazon's Choice,Limited time deal,https://www.amazon.com/BENGOO-Changing-Ergonomic-Computer-Adjustable/dp/B00Z9V0NKC,https://www.amazon.com/BENGOO-Changing-Ergonomic-Computer-Adjustable/dp/B00Z9V0NKC/ref=sr_1_9?crid=3J4TXQQ91TBSQ&dib=eyJ2IjoiMSJ9.7y9vC8QceKnNSkDCMt_cpVZfuKgGlO4yREW8RaiugzBxK0StNQRLYW9hCrq4j0v4_p2xr45bEEl_Gbb3CDp8xbBmhfgrRfQGGUAIyXT64mZSl5eyqiMMYFrycLIjTKJ5T3xjy46sKLd1aTxRsab2jmKjliC-0qGW9qAxXdakZD4vJ-gR-JNEB8SJEXmbzpSpqVdSvEhcid4XcaeLG5UuYDpHP04XgD4IXj8KWE_aFnY.IgclKj0pSKKJri1n4fX5gHgUuYDZgwxv1BvRKsFUe28&dib_tag=se&keywords=gaming+mouse&qid=1717863854&sprefix=gamming+mouse%2Caps%2C90&sr=8-9,https://www.amazon.com/s?k=gamming+mouse&crid=3J4TXQQ91TBSQ&sprefix=gamming+mouse%2Caps%2C90&ref=nb_sb_noss_2,BENGOO Store,https://www.amazon.com/stores/BENGOO/page/1D34869B-D8AB-4EFE-BA68-59258E77125C?ref_=ast_bln&store_ref=bl_ast_dp_brandLogo_sto,,,#257 in Video Games ( See Top 100 in Video Games ) #4 in Nintendo DS Accessories #6 in Nintendo 3DS & 2DS Accessories #15 in PC Gaming Mice,,black,USB,,4.6 out of 5 stars,"June 9, 2015",,,No,,BX017B,4.2 ounces,BENGOO,,"Windows 7 Professional or Ultimate, Windows8, Windows XP",Wireless,,,5.8 x 1.8 x 4.5 inches,,Programmable Buttons,1*BEN-BXO-17B Bengoo Gmaing Mouse,https://m.media-amazon.com/images/I/518YG4aQZ7L.jpg,https://m.media-amazon.com/images/I/51qhaKjmIeL.jpg,https://m.media-amazon.com/images/I/512GTeubzNL.jpg,https://m.media-amazon.com/images/I/51BIeutu1iL.jpg,https://m.media-amazon.com/images/I/51qS4rK+YXL.jpg,BENGOO,black,USB,Optical,Programmable Buttons,9,https://www.amazon.com/s?k=gamming+mouse&crid=3J4TXQQ91TBSQ&sprefix=gamming+mouse%2Caps%2C90&ref=nb_sb_noss_2
"Redragon Gaming Mouse, Wired Gaming Mouse with RGB Backlit, 8000 DPI Adjustable, Mouse with 9 Programmable Macro Buttons & Fire Button, Software Supports DIY Keybinds, M910-K",B0B96PKNVL,19.99,19.99,$22.99,22.99,,0.0,$,In Stock In Stock,"GetFast, Free ShippingwithAmazon Prime",True,,4.5,15994,"Video Games, PC, Accessories, Gaming Mice","【UP TO 8000DPI】Geared with 5 redefinable DPI levels(default as 500/1000/2000/3000/4000,can be adjusted between 500 and 8000 via driver) at the same time to meet the needs of a variety of scenarios, for gaming for working; you can switch to change the speed of the mouse with a key.fire button, 1 click = 3 click, effectively improves the winning rate, ideal for IFS and other competitive games., 【9 BUTTON REASSIGNABLE】9 programmable buttons are all editable with customizable tactical key binds in whatever game or work you are engaging.Adjustable DPI, Report rate, RGB, and Macro Editor, offering you a better gaming and working experience., 【5 USER PROFILES】Macro editing allows for more customization,5 mode profiles, and can be switched to correspond to different scenarios and users.Perfect for all gaming and office scenarios., 【CUSTOMIZE GAMING ATMOSPHERE】The gaming mouse with 5 RGB backlit modes, you can adjust the color and brightness, and also turn off or change a single color, to create a cool atmosphere for gaming., 【COMFORT GRIP】The ergonomic contour makes gaming mice fit in any hands.It provides long-lasting comfort for players, without fatigue even during long hours of intense gameplay.It won’t slip when lifting the gaming mouse, or making fast and precise swipes.","Previous page Next page ERGONOMIC DESIGN Ergonomic shape design, comfortable hand feeling, flexible operation. 1.8M SUPER MESH CABLE All-new soft microfiber mesh cable enables a lighter feel with less cable drag. SMOOTH TEFLON FEET PADS Antiskid footpad at the bottom of the mouse offers you more smooth moving with low friction UNIVERSAL COMPATIBILITY Adaptable for PC, laptop, Perfectly compatible with Windows 7/8/10/11、XP/Vista/Mac OS. Please note that the driver is compatible with Windows only. FIND MORE REDRAGON GAMING MOUSE Gaming Mouse Add to Cart Ergonomic Gaming Mouse Add to Cart Professional Gaming Mosue Add to Cart Ergonomic Gaming Mouse Add to Cart Ergonomic Wireless Mouse Add to Cart Customer Reviews 4.5 out of 5 stars 15,994 4.5 out of 5 stars 356 4.5 out of 5 stars 356 4.3 out of 5 stars 44 4.5 out of 5 stars 265 Price $19.99 $ 19 . 99 $32.99 $ 32 . 99 $28.99 $ 28 . 99 $22.99 $ 22 . 99 $38.99 $ 38 . 99 Model Number M910-K M915-RGB M812-RGB M614 M915RGB Connectivity Wired Wired Wired Wired Wireless Sensor PAW3104 PAW3389 PAW3335 PAW3104 PAW3335 Buttons 9 9 9 11 9 DPI 500-8000 1000-26000 1000-16000 250-8000 1000-16000 RGB ✔ ✔ ✔ ✔ ✔ Macro ✔ ✔ ✔ ✔ ✔ Software ✔ ✔ ✔ ✔ ✔",,Amazon's Choice,,https://www.amazon.com/Redragon-Backlit-Adjustable-Programmable-Buttons/dp/B0B96PKNVL,https://www.amazon.com/Redragon-Backlit-Adjustable-Programmable-Buttons/dp/B0B96PKNVL/ref=sr_1_10?crid=3J4TXQQ91TBSQ&dib=eyJ2IjoiMSJ9.7y9vC8QceKnNSkDCMt_cpVZfuKgGlO4yREW8RaiugzBxK0StNQRLYW9hCrq4j0v4_p2xr45bEEl_Gbb3CDp8xbBmhfgrRfQGGUAIyXT64mZSl5eyqiMMYFrycLIjTKJ5T3xjy46sKLd1aTxRsab2jmKjliC-0qGW9qAxXdakZD4vJ-gR-JNEB8SJEXmbzpSpqVdSvEhcid4XcaeLG5UuYDpHP04XgD4IXj8KWE_aFnY.IgclKj0pSKKJri1n4fX5gHgUuYDZgwxv1BvRKsFUe28&dib_tag=se&keywords=gaming+mouse&qid=1717863854&sprefix=gamming+mouse%2Caps%2C90&sr=8-10,https://www.amazon.com/s?k=gamming+mouse&crid=3J4TXQQ91TBSQ&sprefix=gamming+mouse%2Caps%2C90&ref=nb_sb_noss_2,Redragon Store,https://www.amazon.com/stores/REDRAGON/page/C9D23970-BAEE-41FD-9E1B-F6B3A3B895ED?ref_=ast_bln&store_ref=bl_ast_dp_brandLogo_sto,,,#515 in Video Games ( See Top 100 in Video Games ) #37 in PC Gaming Mice,,,,China,4.5 out of 5 stars,"August 8, 2022",,,,,M910-K,4.6 ounces,Redraogon,,,,,,4.9 x 2.85 x 0.04 inches,,,,https://m.media-amazon.com/images/I/41UoeTrrI0L.jpg,https://m.media-amazon.com/images/I/41Otr6kj-ZL.jpg,https://m.media-amazon.com/images/I/51-eVKh2-9L.jpg,https://m.media-amazon.com/images/I/51N2YFIWpkL.jpg,https://m.media-amazon.com/images/I/51JPuNelgGL.jpg,Redragon,Black,USB,Optical,"Ergonomic design, RGB backlight, Adjustable DPI 8000, Fire Button, Programmable Gaming Mouse",10,https://www.amazon.com/s?k=gamming+mouse&crid=3J4TXQQ91TBSQ&sprefix=gamming+mouse%2Caps%2C90&ref=nb_sb_noss_2
"Corsair SCIMITAR RGB ELITE Gaming Mouse For MOBA, MMO - 18,000 DPI - 17 Progammable Buttons - iCUE Compatible - Black",B082LRMY53,59.99,59.99,$79.99,79.99,,0.0,$,In Stock Only 1 left in stock - order soon. In Stock,,True,,4.3,3157,"Video Games, PC, Accessories, Gaming Mice","17 Fully Programmable Buttons: Built with Ideal for performing frequent actions and executing complex macros in MMOs and MOBAs., Patented Key Slider Control System: Reposition the 12 side buttons to comfortably fit your grip., Native 18,000 DPI Optical Sensor: Equipped with a custom PixArt PMW3391 sensor, adjustable in 1 DPI resolution steps, for highly accurate and customizable tracking., Ultra-Durable Construction: The SCIMITAR RGB ELITE’s 50 million click-rated Omron switches, sturdy scroll wheel, and braided cable ensure that it stands up to the wear-and-tear of extended gaming., Comfortable Contoured Shape: Sculpted to fit the contours of your palm, regardless of hand size or grip style, with a right-side finger rest for added support., Dynamic Four-Zone RGB Backlighting: Near limitless customization of colors and effects.","The SCIMITAR RGB ELITE levels up your gameplay with 17 fully programmable buttons for advanced macros or remaps. A patented Key Slider control system lets you reposition the 12 mechanical side buttons for optimal comfort whatever your grip, and a native 18, 000 DPI optical sensor adjustable in 1 DPI resolution steps enables highly accurate and customizable tracking. Powerful CORSAIR iCUE software enables macro programming, dynamic four-zone RGB backlighting synchronized with your system, surface calibration, and much more. Durable construction, including 50 million click-rated Omron switches, helps it stand up to the wear-and-tear of daily gaming, and onboard profile storage lets you take the SCIMITAR RGB ELITE’s customized gaming with you anywhere.",,Amazon's Choice,,https://www.amazon.com/Corsair-Scimitar-Gaming-Backlit-Optical/dp/B082LRMY53,https://www.amazon.com/Corsair-Scimitar-Gaming-Backlit-Optical/dp/B082LRMY53/ref=sr_1_11?crid=3J4TXQQ91TBSQ&dib=eyJ2IjoiMSJ9.7y9vC8QceKnNSkDCMt_cpVZfuKgGlO4yREW8RaiugzBxK0StNQRLYW9hCrq4j0v4_p2xr45bEEl_Gbb3CDp8xbBmhfgrRfQGGUAIyXT64mZSl5eyqiMMYFrycLIjTKJ5T3xjy46sKLd1aTxRsab2jmKjliC-0qGW9qAxXdakZD4vJ-gR-JNEB8SJEXmbzpSpqVdSvEhcid4XcaeLG5UuYDpHP04XgD4IXj8KWE_aFnY.IgclKj0pSKKJri1n4fX5gHgUuYDZgwxv1BvRKsFUe28&dib_tag=se&keywords=gaming+mouse&qid=1717863854&sprefix=gamming+mouse%2Caps%2C90&sr=8-11,https://www.amazon.com/s?k=gamming+mouse&crid=3J4TXQQ91TBSQ&sprefix=gamming+mouse%2Caps%2C90&ref=nb_sb_noss_2,Corsair Store,https://www.amazon.com/stores/Corsair/page/A8559A65-3FF5-4A92-A08B-15F699944A8E?ref_=ast_bln&store_ref=bl_ast_dp_brandLogo_sto,,‎1 AA batteries required.,#283 in Video Games ( See Top 100 in Video Games ) #20 in PC Gaming Mice,‎Corsair,‎Black,,‎China,4.3 out of 5 stars,"‎November 29, 2022",,‎PC,,‎6.89 x 4.49 x 3.15 inches,‎CH-9304211-NA,‎4.3 ounces,‎Corsair,,,,,‎Corded Electric,‎6.89 x 4.49 x 3.15 inches,‎SCIMITAR RGB ELITE,,,https://m.media-amazon.com/images/I/41TanbAgpML.jpg,https://m.media-amazon.com/images/I/41EBZj1frzL.jpg,https://m.media-amazon.com/images/I/51vPH5Y8N0L.jpg,https://m.media-amazon.com/images/I/51ZtGkyOviL.jpg,https://m.media-amazon.com/images/I/410fD0+rsjL.jpg,Corsair,Black,Bluetooth,Optical,Key Slider Side Panel,11,https://www.amazon.com/s?k=gamming+mouse&crid=3J4TXQQ91TBSQ&sprefix=gamming+mouse%2Caps%2C90&ref=nb_sb_noss_2
"Logitech G203 Wired Gaming Mouse, 8,000 DPI, Rainbow Optical Effect LIGHTSYNC RGB, 6 Programmable Buttons, On-Board Memory, Screen Mapping, PC/Mac Computer and Laptop Compatible - Black",B07YN82X3B,29.41,29.41,$39.99,39.99,,0.0,$,In Stock In Stock In Stock,"GetFast, Free ShippingwithAmazon PrimeGetFast, Free ShippingwithAmazon Prime",True,,4.7,16645,"Video Games, PC, Accessories, Gaming Mice","8,000 DPI gaming-grade sensor responds precisely to movements. Customize your sensitivity settings to suit the sensitivity you like with Logitech G HUB gaming software and cycle easily through up to 5 DPI settings., Play in color with our most vibrant Lightsync RGB featuring color wave effects customizable across -16.8 million colors. Install Logitech G HUB software to choose from preset colors and animations or make your own. Game-driven, audio visualization and screen mapping options are also available., Play comfortably and with total control. The classic and simple 6-button layout and classic gaming shape is a comfortable time-tested and loved design. Each button can be customized using Logitech G HUB software to simplify tasks., Primary buttons are mechanical and tensioned with durable metal springs for reliability, performance and excellent feel. The crisp clicks and precise feedback delivers a great precision feel to maximize your fun in game.","G203 Lightsync is ready to play with an 8, 000 DPI sensor and customizable, vibrant Lightsync RGB. LIGHTSYNC RGB can be customized with color wave effects or patterns across - 16. 8 million colors to suit your play style, setup, and mood. A classic 6-button design gets you right into the game and can be programmed to simplify tasks. G203 is designed to maximize the fun in your game. Lightsync RGB can be customized with color wave effects or patterns across - 16. 8 million colors to suit your play style, setup, and mood. Microprocessor: 32-bit ARM.",,Amazon's Choice,,https://www.amazon.com/Logitech-LIGHTSYNC-Wired-Gaming-Mouse/dp/B07YN82X3B,https://www.amazon.com/Logitech-LIGHTSYNC-Wired-Gaming-Mouse/dp/B07YN82X3B/ref=sr_1_12?crid=3J4TXQQ91TBSQ&dib=eyJ2IjoiMSJ9.7y9vC8QceKnNSkDCMt_cpVZfuKgGlO4yREW8RaiugzBxK0StNQRLYW9hCrq4j0v4_p2xr45bEEl_Gbb3CDp8xbBmhfgrRfQGGUAIyXT64mZSl5eyqiMMYFrycLIjTKJ5T3xjy46sKLd1aTxRsab2jmKjliC-0qGW9qAxXdakZD4vJ-gR-JNEB8SJEXmbzpSpqVdSvEhcid4XcaeLG5UuYDpHP04XgD4IXj8KWE_aFnY.IgclKj0pSKKJri1n4fX5gHgUuYDZgwxv1BvRKsFUe28&dib_tag=se&keywords=gaming+mouse&qid=1717863854&sprefix=gamming+mouse%2Caps%2C90&sr=8-12,https://www.amazon.com/s?k=gamming+mouse&crid=3J4TXQQ91TBSQ&sprefix=gamming+mouse%2Caps%2C90&ref=nb_sb_noss_2,Logitech G Store,https://www.amazon.com/stores/LogitechG/page/0F4BFDF6-CD4A-4A8C-83A2-3104165D740C?ref_=ast_bln&store_ref=bl_ast_dp_brandLogo_sto,,‎1 Lithium Polymer batteries required.,#275 in Video Games ( See Top 100 in Video Games ) #18 in PC Gaming Mice #20 in Mac Games & Accessories,‎Logitech G,‎Black,,‎Vietnam,4.7 out of 5 stars,"‎April 21, 2020",‎mouse,"‎PC, Mac",,‎4.1 x 6.2 x 1.7 inches,‎910-005790,‎4.8 ounces,"‎Logitech, Inc",,,,,‎Corded Electric,‎4.1 x 6.2 x 1.7 inches,‎Logitech G203 HERO LightSync - Black,,,https://m.media-amazon.com/images/I/41zEY42v1tL.jpg,https://m.media-amazon.com/images/I/41MFXFfgBeL.jpg,https://m.media-amazon.com/images/I/41XD5rab5lL.jpg,https://m.media-amazon.com/images/I/418PudRcTjL.jpg,https://m.media-amazon.com/images/I/41ovs1THprL.jpg,Logitech G,Black,USB,Optical,Lightsync RGB Lighting,12,https://www.amazon.com/s?k=gamming+mouse&crid=3J4TXQQ91TBSQ&sprefix=gamming+mouse%2Caps%2C90&ref=nb_sb_noss_2
"Logitech G502 Lightspeed Wireless Gaming Mouse with Hero 25K Sensor, PowerPlay Compatible, Tunable Weights and Lightsync RGB - Black",B07L4BM851,91.46,91.46,$149.99,149.99,,0.0,$,In Stock Only 1 left in stock - order soon. In Stock,,True,,4.7,11857,"Video Games, PC, Accessories, Gaming Mice","Selling Wireless Gaming Gear Brand - Based on independent sales data (FEB ‘19 - FEB’20) of Wireless Gaming Keyboard, Mice, and PC Headset in units from: US, CA, CN, JP, KR, TW, TH, IN, DE, FR, RU, UK, SE, TR, PowerPlay wireless charging: Never worry about your battery life again. Add the power play wireless charging system to keep your G502 Lightspeed Wireless Mouse and other compatible G mice charged while at rest and at play. Powerplay wireless charging system sold separately, Light speed wireless gaming mouse: Exclusive Logitech G ultra-fast wireless technology used by Pro gamers in competitions worldwide, Hero 25K sensor through a software update from G HUB, this upgrade is free to all players: Our most advanced, with 1:1 tracking, 400plus ips, and 100 - 25,600 max dpi sensitivity plus zero smoothing, filtering, or acceleration, 11 customizable buttons and hyper fast scroll wheel: Assign custom macro and shortcut commands to the buttons for each game with Logitech G hub software. Use hyper fast scrolling to rapidly review menus, long web pages and more","G502 is the best gaming mouse from Logitech G, completely redesigned from the inside out with Light speed wireless and power play compatibility so you can game faster and more accurately, The G502 light speed PC gaming mouse is built with superfast 1 ms wireless connectivity and a next gen Hero sensor delivering up to 25K DPI class leading performance and energy efficient up to 60 hours of uninterrupted gaming. 11 programmable buttons help you optimize game play with custom keyboards and macros. Primary buttons feature metal spring tensioning for Fast and crisp actuation. Six adjustable weights let you find the right mouse feel. Light Sync RGB gives you 16.8 million colors to create an exciting and immersive gaming environment. The hyper fast scroll wheel lets you speed through long menus and documents. Pair the G502 Wireless gaming mouse with the Logitech G Power play charging system (sold separately) for infinite charging. USB report rate: 1000 Hz (1ms). OS Compatibility: Windows 7 or later, Mac OS X 10.11 or later, Chrome OSTM.",,,,https://www.amazon.com/Logitech-Lightspeed-PowerPlay-Compatible-Lightsync/dp/B07L4BM851,https://www.amazon.com/Logitech-Lightspeed-PowerPlay-Compatible-Lightsync/dp/B07L4BM851/ref=sr_1_13?crid=3J4TXQQ91TBSQ&dib=eyJ2IjoiMSJ9.7y9vC8QceKnNSkDCMt_cpVZfuKgGlO4yREW8RaiugzBxK0StNQRLYW9hCrq4j0v4_p2xr45bEEl_Gbb3CDp8xbBmhfgrRfQGGUAIyXT64mZSl5eyqiMMYFrycLIjTKJ5T3xjy46sKLd1aTxRsab2jmKjliC-0qGW9qAxXdakZD4vJ-gR-JNEB8SJEXmbzpSpqVdSvEhcid4XcaeLG5UuYDpHP04XgD4IXj8KWE_aFnY.IgclKj0pSKKJri1n4fX5gHgUuYDZgwxv1BvRKsFUe28&dib_tag=se&keywords=gaming+mouse&qid=1717863854&sprefix=gamming+mouse%2Caps%2C90&sr=8-13,https://www.amazon.com/s?k=gamming+mouse&crid=3J4TXQQ91TBSQ&sprefix=gamming+mouse%2Caps%2C90&ref=nb_sb_noss_2,Logitech G Store,https://www.amazon.com/stores/LogitechG/page/0F4BFDF6-CD4A-4A8C-83A2-3104165D740C?ref_=ast_bln&store_ref=bl_ast_dp_brandLogo_sto,‎60 Hours,‎1 Lithium Polymer batteries required. (included),#167 in Video Games ( See Top 100 in Video Games ) #7 in Mac Accessories #9 in PC Gaming Mice,‎Logitech G,‎Black,,‎China,4.7 out of 5 stars,"‎May 8, 2019",,‎PC,,‎5.19 x 2.95 x 1.57 inches,‎910-005565,‎7.1 ounces,‎Logitech,"‎Mac OS X 10.7 Lion, Chrome OS, Windows 7",,,,‎Battery Powered,‎5.19 x 2.95 x 1.57 inches,‎G502 Lightspeed Wireless Gaming Mouse,,,https://m.media-amazon.com/images/I/41ReUlqua9L.jpg,https://m.media-amazon.com/images/I/415qlbtCVXL.jpg,https://m.media-amazon.com/images/I/41luulAZ3qL.jpg,https://m.media-amazon.com/images/I/41V0dKQw-1L.jpg,https://m.media-amazon.com/images/I/51hG9bZejzL.jpg,Logitech G,Black,: LIGHTSPEED Wireless,Optical,"Wireless, Programmable Buttons, Lightweight, Rechargeble",13,https://www.amazon.com/s?k=gamming+mouse&crid=3J4TXQQ91TBSQ&sprefix=gamming+mouse%2Caps%2C90&ref=nb_sb_noss_2
"Razer Gaming Mouse (2018 Model), Mercury White",B07Y693ND1,24.01,24.01,$49.99,49.99,,0.0,$,In Stock Only 2 left in stock - order soon. In Stock,"GetFast, Free ShippingwithAmazon PrimeGetFast, Free ShippingwithAmazon Prime",True,,4.6,34692,"Video Games, PC, Accessories, Gaming Mice",Gaming Mouse (2018 model),Gaming Mouse (2018 model).,,Amazon's Choice Amazon's Choice,,https://www.amazon.com/Razer-DeathAdder-Essential-Gaming-Mouse/dp/B07Y693ND1,https://www.amazon.com/Razer-DeathAdder-Essential-Gaming-Mouse/dp/B07Y693ND1/ref=sr_1_14?crid=3J4TXQQ91TBSQ&dib=eyJ2IjoiMSJ9.7y9vC8QceKnNSkDCMt_cpVZfuKgGlO4yREW8RaiugzBxK0StNQRLYW9hCrq4j0v4_p2xr45bEEl_Gbb3CDp8xbBmhfgrRfQGGUAIyXT64mZSl5eyqiMMYFrycLIjTKJ5T3xjy46sKLd1aTxRsab2jmKjliC-0qGW9qAxXdakZD4vJ-gR-JNEB8SJEXmbzpSpqVdSvEhcid4XcaeLG5UuYDpHP04XgD4IXj8KWE_aFnY.IgclKj0pSKKJri1n4fX5gHgUuYDZgwxv1BvRKsFUe28&dib_tag=se&keywords=gaming+mouse&qid=1717863854&sprefix=gamming+mouse%2Caps%2C90&sr=8-14,https://www.amazon.com/s?k=gamming+mouse&crid=3J4TXQQ91TBSQ&sprefix=gamming+mouse%2Caps%2C90&ref=nb_sb_noss_2,Razer Store,https://www.amazon.com/stores/Razer/page/CDB96030-A7CF-4B56-B70C-67086A740274?ref_=ast_bln&store_ref=bl_ast_dp_brandLogo_sto,,‎1 Lithium Ion batteries required.,"#1,301 in Video Games ( See Top 100 in Video Games ) #76 in PC Gaming Mice",‎Razer,‎Mercury White,,,4.6 out of 5 stars,"‎September 20, 2019",,‎PC,,‎5.01 x 2.86 x 1.69 inches,‎RZ01-02540200-R3C1,‎4.3 ounces,‎Razer,,,,,‎Corded Electric,‎5.01 x 2.86 x 1.69 inches,‎Deathadder Essential,,,https://m.media-amazon.com/images/I/21PI3zdKcqL.jpg,https://m.media-amazon.com/images/I/31Q8gIOCQFL.jpg,https://m.media-amazon.com/images/I/31ht8TGet9L.jpg,https://m.media-amazon.com/images/I/31BVmnOS8WL.jpg,https://m.media-amazon.com/images/I/31Q8gIOCQFL.jpg,Razer,Mercury White,Wired,Optical,Portable,14,https://www.amazon.com/s?k=gamming+mouse&crid=3J4TXQQ91TBSQ&sprefix=gamming+mouse%2Caps%2C90&ref=nb_sb_noss_2
"HyperX Pulsefire Haste – Gaming Mouse, Ultra-Lightweight, 59g, Honeycomb Shell, Hex Design, RGB, HyperFlex USB Cable, Up to 16000 DPI, 6 Programmable Buttons,Black",B08NSJFNSS,39.24,39.24,$49.99,49.99,,0.0,$,In Stock Only 1 left in stock - order soon. In Stock,"GetFast, Free ShippingwithAmazon Prime",True,,4.6,5733,"Video Games, PC, Accessories, Gaming Mice","Ultra-light hex shell design: The honeycomb shell provides feather-light weight without sacrificing durability., HyperFlex USB Cable: The light, flexible paracord material reduces tension and resistance for easier mouse movement., TTC Golden micro dustproof switches: These switches provide solid, satisfying clicks and are rated for 60 million clicks., Pure virgin-grade PTFE skates: The low-friction 100% PTFE skates help provide an easy, effortless glide., Grip tape included: For more control and comfort, grip tape for the sides and left and right buttons are included., Customizable with HyperX NGENUITY Software: Easily customize DPI settings, RGB lighting, button assignments, and record macros with powerful, easy-to-use, HyperX NGENUITY Software.","The HyperX Pulsefire Haste is built for elite gamers looking to gain every fraction of a second possible in their quest to be the best. Weighing in at 59 grams, this full-featured, responsive honeycomb shell mouse has everything you need, just without the extra weight. TTC Golden micro switches provide satisfying, reliable clicks and are rated for 60 million clicks, so you won’t have to worry about missing inputs. The flexible HyperFlex USB cable and the virgin-grade PTFE skates work together to give you a smooth, easy glide to make dominating the game simple.",,Amazon's Choice Amazon's Choice,,https://www.amazon.com/HyperX-Pulsefire-Haste-Ultra-Lightweight-Programmable/dp/B08NSJFNSS,https://www.amazon.com/HyperX-Pulsefire-Haste-Ultra-Lightweight-Programmable/dp/B08NSJFNSS/ref=sr_1_15?crid=3J4TXQQ91TBSQ&dib=eyJ2IjoiMSJ9.7y9vC8QceKnNSkDCMt_cpVZfuKgGlO4yREW8RaiugzBxK0StNQRLYW9hCrq4j0v4_p2xr45bEEl_Gbb3CDp8xbBmhfgrRfQGGUAIyXT64mZSl5eyqiMMYFrycLIjTKJ5T3xjy46sKLd1aTxRsab2jmKjliC-0qGW9qAxXdakZD4vJ-gR-JNEB8SJEXmbzpSpqVdSvEhcid4XcaeLG5UuYDpHP04XgD4IXj8KWE_aFnY.IgclKj0pSKKJri1n4fX5gHgUuYDZgwxv1BvRKsFUe28&dib_tag=se&keywords=gaming+mouse&qid=1717863854&sprefix=gamming+mouse%2Caps%2C90&sr=8-15,https://www.amazon.com/s?k=gamming+mouse&crid=3J4TXQQ91TBSQ&sprefix=gamming+mouse%2Caps%2C90&ref=nb_sb_noss_2,HyperX Store,https://www.amazon.com/stores/HyperX/page/C3BFE396-3717-4B59-A6EA-0A070E7654D1?ref_=ast_bln&store_ref=bl_ast_dp_brandLogo_sto,,‎1 A batteries required.,#832 in Video Games ( See Top 100 in Video Games ) #52 in PC Gaming Mice,‎HyperX,‎Black,,,4.6 out of 5 stars,"‎December 4, 2020",,"‎PC, Mac",,‎4.88 x 2.64 x 1.5 inches,‎HMSH1-A-BK/G,‎3.2 ounces,‎HP Inc.,,,,,‎Corded Electric,‎4.88 x 2.64 x 1.5 inches,‎Pulsefire Haste,,,https://m.media-amazon.com/images/I/41XAz0H-zfL.jpg,https://m.media-amazon.com/images/I/413qsleGj6L.jpg,https://m.media-amazon.com/images/I/41Cl6r-WBNL.jpg,https://m.media-amazon.com/images/I/41QvKhXlddL.jpg,https://m.media-amazon.com/images/I/41P0TamFiPL.jpg,HyperX,Black,USB,Optical,"Programmable Buttons, Lightweight",15,https://www.amazon.com/s?k=gamming+mouse&crid=3J4TXQQ91TBSQ&sprefix=gamming+mouse%2Caps%2C90&ref=nb_sb_noss_2
"EVGA X17 Gaming Mouse, Wired, Black, Customizable, 16,000 DPI, 5 Profiles, 10 Buttons, Ergonomic 903-W1-17BK-KR",B08VTS4T4B,28.22,28.22,$49.99,49.99,,0.0,$,In Stock Only 3 left in stock - order soon. In Stock,"GetFast, Free ShippingwithAmazon Prime",True,,4.2,1488,"Video Games, PC, Accessories, Gaming Mice","The world's first triple sensor mouse. Using dual LOD sensors, paired with a Pixart 3389 optical sensor, USB2.0 High-Speed 32-bit Arm Cortex-M33 core microprocessor, supporting a native 8K Hz report rate. Eight times the standard 1K Hz on competing gaming mice for faster response time and precise movements., Quick Responding Mechanism allowing the left and right buttons to be more sensitive and react more rapidly., 5 customizable onboard profiles with on the fly DPI settings allow you to take your mouse anywhere., Ergonomic Design with Sniper Button","EVGA X17 Gaming Mouse, Wired, Black, Customizable, 16,000 DPI, 5 Profiles, 10 Buttons, Ergonomic 903-W1-17BK-KR.",,Amazon's Choice Amazon's Choice,,https://www.amazon.com/EVGA-Customizable-Profiles-Ergonomic-903-W1-17BK-KR/dp/B08VTS4T4B,https://www.amazon.com/EVGA-Customizable-Profiles-Ergonomic-903-W1-17BK-KR/dp/B08VTS4T4B/ref=sr_1_16?crid=3J4TXQQ91TBSQ&dib=eyJ2IjoiMSJ9.7y9vC8QceKnNSkDCMt_cpVZfuKgGlO4yREW8RaiugzBxK0StNQRLYW9hCrq4j0v4_p2xr45bEEl_Gbb3CDp8xbBmhfgrRfQGGUAIyXT64mZSl5eyqiMMYFrycLIjTKJ5T3xjy46sKLd1aTxRsab2jmKjliC-0qGW9qAxXdakZD4vJ-gR-JNEB8SJEXmbzpSpqVdSvEhcid4XcaeLG5UuYDpHP04XgD4IXj8KWE_aFnY.IgclKj0pSKKJri1n4fX5gHgUuYDZgwxv1BvRKsFUe28&dib_tag=se&keywords=gaming+mouse&qid=1717863854&sprefix=gamming+mouse%2Caps%2C90&sr=8-16,https://www.amazon.com/s?k=gamming+mouse&crid=3J4TXQQ91TBSQ&sprefix=gamming+mouse%2Caps%2C90&ref=nb_sb_noss_2,EVGA Store,https://www.amazon.com/stores/EVGA/page/F3029F7A-6B99-483C-A7DE-92C7C6057C6B?ref_=ast_bln,,,"#3,422 in Video Games ( See Top 100 in Video Games ) #208 in PC Gaming Mice",‎EVGA,‎Black,,‎China,4.2 out of 5 stars,"‎February 3, 2021",,‎PC,,‎4.83 x 2.77 x 1.75 inches,‎903-W1-17BK-KR,‎12 ounces,‎EVGA,,,,,‎Corded Electric,‎4.83 x 2.77 x 1.75 inches,,,,https://m.media-amazon.com/images/I/41BXhq9HnqL.jpg,https://m.media-amazon.com/images/I/41NNYIKhf3L.jpg,https://m.media-amazon.com/images/I/41q7DZVRMUL.jpg,https://m.media-amazon.com/images/I/31bTayaLSUL.jpg,https://m.media-amazon.com/images/I/41Q7IJjjy8L.jpg,EVGA,Black,USB,Optical,Ergonomic Design,16,https://www.amazon.com/s?k=gamming+mouse&crid=3J4TXQQ91TBSQ&sprefix=gamming+mouse%2Caps%2C90&ref=nb_sb_noss_2
"UHURU Wireless Gaming Mouse Up to 10000 DPI, Rechargeable USB Wireless Mouse with 6 Buttons 7 Dynamic LED Color Ergonomic Programmable MMO RPG for PC Laptop, Compatible with Windows Mac",B071HVWD55,23.99,23.99,$29.99,29.99,,0.0,$,In Stock Only 1 left in stock - order soon. In Stock,"GetFast, Free ShippingwithAmazon PrimeGetFast, Free ShippingwithAmazon Prime",True,,4.4,10801,"Video Games, PC, Accessories, Gaming Mice","【Get Away from the Cable】The gaming mouse adopts 2.4GHz transmission technology, providing reliable, precise and long rang connection, up to 50ft. The response is near-instantaneous. Response rate represents the data transmission speed between the mouse and computer, a higher rate of response in games competitions can better play the performance of the mouse and allows the mouse to be zero delays and no jump during fierce gaming, which is more realistic for Gaming Players., 【Control Your Own Speed at Your Will】5 level DPI by pressing the button below the scroll wheel. (800/1600/3000/5000/10000) You can easily adjust the moving speed, perfect for games and office, and meet your multiple needs. This mouse provides extreme stability while gaming, such as League of Legends, World of Warcraft, DOTA, CS, etc., 【7-Color Changeable Backlight】7 different LED light colors that change while in use, offering soothing ambient lighting（NOTE: It will not stay at one color. The led can not be programmed and will change automatically with 7 colors.) The transparent light effect is suitable for demand for more types of games, making your mouse multi-colored., 【6-Programmable Buttons】The gaming mouse supports macro editing. 6 buttons can be programmed by installing driver software which makes the mouse more intelligent and meets more demands for different games. Makes you more convenient and extraordinary in the MMO RPG. The driver can be downloaded from our website, PLEASE check out from the manual or box. NOTE: The gaming driver is compatible with Windows only., 【Wide Compatibility】The UHURU wireless gaming mouse is compatible with most systems including Windows 7 / 8 / 10 / XP, Vista 7 / 8, Mac OS and Linux. Fit for PC, Laptop, Computer, Macbook and other devices. Any problem, Please feel free to contact us.","Wireless Technology 2.4GHz wireless technology provides a stable and accurate connection. Up to 15 m. Ergonomic Design No matter the grip style, the ergonomic design will give you full control and a more comfortable grip. Rechargeable Gaming Mouse With the built-in rechargeable battery, you do not need to change batteries. You can use it for an average of about 1.5 hours a day for 7- 10 days. WM-02-White WM-02-Pink WM-02-Black WM-02-Blue WM-09 Lightweight Gaming Mouse Add to Cart Add to Cart Add to Cart Add to Cart Add to Cart Customer Reviews 4.4 out of 5 stars 10,801 4.4 out of 5 stars 10,801 4.4 out of 5 stars 10,801 4.4 out of 5 stars 10,801 3.7 out of 5 stars 36 Price $24.99 $ 24 . 99 $24.99 $ 24 . 99 $23.99 $ 23 . 99 $24.99 $ 24 . 99 $25.97 $ 25 . 97 COLOR White Pink Black Blue Black DPI 800-1600-3000-5000-10000 800-1600-3000-5000-10000 800-1600-3000-5000-10000 800-1600-3000-5000-10000 800-1600-3200-64000-26000 Buttons 6 6 6 6 6 Max Acceleration 20G 20G 20G 20G 50G Lighting Mode Automatic RGB Lighting Automatic RGB Lighting Automatic RGB Lighting Automatic RGB Lighting Programmable RGB Lighting Connection 2.4GHz 2.4GHz 2.4GHz 2.4GHz 2.4GHz, USB Type-C Battery Life 24 Hours 24 Hours 24 Hours 24 Hours 70 Hours Support Software ✓ ✓ ✓ ✓ ✓",,Amazon's Choice Amazon's Choice,,https://www.amazon.com/UHURU-Rechargeable-Changeable-Ergonomic-Programmable/dp/B071HVWD55,https://www.amazon.com/UHURU-Rechargeable-Changeable-Ergonomic-Programmable/dp/B071HVWD55/ref=sr_1_17?crid=3J4TXQQ91TBSQ&dib=eyJ2IjoiMSJ9.qlUbWyfLl9YUG9reCBLGyLkzXg8Tsght27ND92R7Ito3AxjydayEbMSjniaTkLmzoVR6_O4ThLAZvxvLuhJ1nipXoxc_8OSOhjcKvN_ycWK1yVS2JJmfXnTZeKwAc1I4DrYz6oAXH9OB_2g-jApgC_Zxqy9w8IYOBxZS0QdXSUkJpG1uVzDnzkX25wkhgAUqbZdcTVMDRcpoTiewtOYwbP4SwDvpwdNlaq1vsBDTmLo.v52XXhjfIgC_Hz4sUcxe3lo_ApSg4LE7tl_NK1dNw_Q&dib_tag=se&keywords=gaming+mouse&qid=1717863856&sprefix=gamming+mouse%2Caps%2C90&sr=8-17,https://www.amazon.com/s?k=gaming+mouse&page=2&crid=3J4TXQQ91TBSQ&qid=1717863854&sprefix=gamming+mouse%2Caps%2C90&ref=sr_pg_2,UHURU Store,https://www.amazon.com/stores/uhuru/page/FF515EFB-0207-4F8F-AE26-D93DDB8184C0?ref_=ast_bln&store_ref=bl_ast_dp_brandLogo_sto,,1 Lithium Polymer batteries required. (included),#377 in Video Games ( See Top 100 in Video Games ) #4 in Mac Gaming Mice #23 in PC Gaming Mice,,,,China,4.4 out of 5 stars,"May 16, 2017",,,No,,WM-170517-BK,0.634 ounces,Rlg,,,,,,4.69 x 2.56 x 1.3 inches,,,,https://m.media-amazon.com/images/I/41JqMnQC5xL.jpg,https://m.media-amazon.com/images/I/516iSD67MXL.jpg,https://m.media-amazon.com/images/I/51+9mRox1aL.jpg,https://m.media-amazon.com/images/I/51+AhH7cJ7L.jpg,https://m.media-amazon.com/images/I/51ylJMZiEbL.jpg,UHURU,black,USB,Optical,Programmable Buttons,17,https://www.amazon.com/s?k=gamming+mouse&crid=3J4TXQQ91TBSQ&sprefix=gamming+mouse%2Caps%2C90&ref=nb_sb_noss_2
"Razer Cobra Pro Wireless Gaming Mouse: 10 Customizable Controls - Chroma RGB Lighting - 30K Optical Sensor - Gen-3 Optical Switches - 2.4GHz, Bluetooth & USB Type C - Up to 170 Hr Battery - White",B0CZZKSB39,129.99,129.99,,,,0.0,$,In Stock Only 1 left in stock - order soon. In Stock,,True,,4.5,682,"Video Games, PC, Accessories, Gaming Mice","10 CUSTOMIZABLE CONTROLS — From essential commands to complex macros, enjoy a greater degree of control and remap important keys, 5 ONBOARD MEMORY PROFILES — Save up to 5 preset game profiles via Razer Synapse and easily swap between them by pressing the button at the base of the mouse, 11 CHROMA RGB LIGHTING ZONES — Customize each zone with 16.8 million colors and countless lighting effects, creating a more immersive gaming experience as the lights react dynamically with hundreds of Chroma-integrated games, FOCUS PRO 30K OPTICAL SENSOR — Provides flawless tracking performance on a wider variety of surfaces, including glass—supported by intelligent functions, it enhances aim and control, HYPERSPEED WIRELESS — Enjoy ultra-responsive gaming with speeds faster than other wireless tech, HYPERSPEED WIRELESS — Enjoy ultra-responsive gaming with speeds faster than other wireless tech, GEN-3 OPTICAL MOUSE SWITCHES — Unrivalled durability and speed with switches that have an extended 90-million click lifecycle and eliminate double-clicking issues, boasting a blistering 0.2 ms actuation time without debounce delay, UP TO 170 HR BATTERY & VERSATILE CONNECTIVITY — The mouse provides long-lasting power up to 100 hours on HyperSpeed or 170 hours on Bluetooth, and can be charged via USB Type C","Cut the competition down to size and dazzle them all with the Razer Cobra Pro—a wireless gaming mouse powered by Razer Chroma RGB. Featuring Razer HyperSpeed Wireless and 11 individually programmable lighting zones, color the play with an illuminating level of freedom and immersion.",,Amazon's Choice Amazon's Choice,,https://www.amazon.com/Razer-Cobra-Wireless-Gaming-Mouse/dp/B0CZZKSB39,https://www.amazon.com/Razer-Cobra-Wireless-Gaming-Mouse/dp/B0CZZKSB39/ref=sr_1_18?crid=3J4TXQQ91TBSQ&dib=eyJ2IjoiMSJ9.qlUbWyfLl9YUG9reCBLGyLkzXg8Tsght27ND92R7Ito3AxjydayEbMSjniaTkLmzoVR6_O4ThLAZvxvLuhJ1nipXoxc_8OSOhjcKvN_ycWK1yVS2JJmfXnTZeKwAc1I4DrYz6oAXH9OB_2g-jApgC_Zxqy9w8IYOBxZS0QdXSUkJpG1uVzDnzkX25wkhgAUqbZdcTVMDRcpoTiewtOYwbP4SwDvpwdNlaq1vsBDTmLo.v52XXhjfIgC_Hz4sUcxe3lo_ApSg4LE7tl_NK1dNw_Q&dib_tag=se&keywords=gaming+mouse&qid=1717863856&sprefix=gamming+mouse%2Caps%2C90&sr=8-18,https://www.amazon.com/s?k=gaming+mouse&page=2&crid=3J4TXQQ91TBSQ&qid=1717863854&sprefix=gamming+mouse%2Caps%2C90&ref=sr_pg_2,Razer Store,https://www.amazon.com/stores/Razer/page/CDB96030-A7CF-4B56-B70C-67086A740274?ref_=ast_bln&store_ref=bl_ast_dp_brandLogo_sto,,‎5 Lithium Ion batteries required. (included),"#8,117 in Video Games ( See Top 100 in Video Games ) #434 in PC Gaming Mice",‎Razer,‎White,,‎China,4.5 out of 5 stars,"‎May 9, 2024",,‎PC,,,‎RZ01-04660200-R3U1,‎8.1 ounces,‎Razer,,,,‎8.39 x 4.53 x 2.6 inches,‎Battery Powered,,‎Cobra Pro,,,https://m.media-amazon.com/images/I/31F9-DUl9mL.jpg,https://m.media-amazon.com/images/I/51WKZYjEauL.jpg,https://m.media-amazon.com/images/I/41hNRN7tC-L.jpg,https://m.media-amazon.com/images/I/41yAYwcOJxL.jpg,https://m.media-amazon.com/images/I/419IEp+JTLL.jpg,Razer,White,"Bluetooth, Razer HyperSpeed Wireless 2.4 GHz, Wired – Speedflex Cable USB Type C",Optical,"2.4GHz, Bluetooth and USB Type C, Gen-3 Optical Switches, 10 Customizable Control, 11-Zone Chroma RGB Lighting with Underglow, Focus Pro 30K Optical Sensor, See more",18,https://www.amazon.com/s?k=gamming+mouse&crid=3J4TXQQ91TBSQ&sprefix=gamming+mouse%2Caps%2C90&ref=nb_sb_noss_2
Razer DeathAdder V2 X HyperSpeed: Award-Winning Ergonomic Design - Ultra-Fast Wireless - 235hr Battery Life - 7 Programmable Buttons - Gen 2 Mechanical Switches - 5G 14K DPI Optical Sensor,B09GK3LTVC,47.49,47.49,$59.99,59.99,,0.0,$,In Stock Only 3 left in stock - order soon. In Stock,,True,,4.7,18138,"Video Games, PC, Accessories, Gaming Mice","Award-Winning Ergonomic Design: Trusted by over 13 million fans worldwide, the DeathAdder’s iconic shape has provided wins for countless pros more than any other mouse—including the three-time League of Legends world champ, Faker, Ultra-Fast Razer HyperSpeed Wireless: Featuring the same high-speed Razer HyperSpeed Wireless technology used in our top-tier gaming mice with an ultra-low latency wireless connection, Long Battery Life: With up to 235 hours of seamless low-latency gaming with Razer HyperSpeed Wireless (2.4GHz), and up to 615 hours with Bluetooth, the mouse can go for ages before its battery needs replacing, Razer Mechanical Mouse Switches Gen-2: Experience crisp and consistent execution with switches that have new gold-plated contact points, are less prone to degrading, and have a longer lifespan of up to 60 million clicks, Razer 5G Advanced 14K DPI Optical Sensor: Enjoy responsive, pixel-precise aim with an improved sensor that flawlessly tracks your movement with zero spinouts, 7 Programmable Buttons: Have all the control you need with 2 unique quick-access edge buttons and 2 side buttons, Weight Balanced: Batteries are seated at an angle in the mouse to provide optimal weight distribution","Over 13 million DeathAdders sold. Over a decade’s worth of awards to its name. Iconic ergonomics now comes with limitless control, thanks to dual wireless connectivity via ultra-fast Razer HyperSpeed Wireless or Bluetooth, and 7 programmable buttons including 2 new quick-access edge buttons.",,Amazon's Choice,,https://www.amazon.com/Razer-DeathAdder-Hyperspeed-Award-Winning-Programmable/dp/B09GK3LTVC,https://www.amazon.com/Razer-DeathAdder-Hyperspeed-Award-Winning-Programmable/dp/B09GK3LTVC/ref=sr_1_19?crid=3J4TXQQ91TBSQ&dib=eyJ2IjoiMSJ9.qlUbWyfLl9YUG9reCBLGyLkzXg8Tsght27ND92R7Ito3AxjydayEbMSjniaTkLmzoVR6_O4ThLAZvxvLuhJ1nipXoxc_8OSOhjcKvN_ycWK1yVS2JJmfXnTZeKwAc1I4DrYz6oAXH9OB_2g-jApgC_Zxqy9w8IYOBxZS0QdXSUkJpG1uVzDnzkX25wkhgAUqbZdcTVMDRcpoTiewtOYwbP4SwDvpwdNlaq1vsBDTmLo.v52XXhjfIgC_Hz4sUcxe3lo_ApSg4LE7tl_NK1dNw_Q&dib_tag=se&keywords=gaming+mouse&qid=1717863856&sprefix=gamming+mouse%2Caps%2C90&sr=8-19,https://www.amazon.com/s?k=gaming+mouse&page=2&crid=3J4TXQQ91TBSQ&qid=1717863854&sprefix=gamming+mouse%2Caps%2C90&ref=sr_pg_2,Razer Store,https://www.amazon.com/stores/Razer/page/CDB96030-A7CF-4B56-B70C-67086A740274?ref_=ast_bln&store_ref=bl_ast_dp_brandLogo_sto,,‎1 Lithium Polymer batteries required. (included),#479 in Video Games ( See Top 100 in Video Games ) #34 in PC Gaming Mice,‎Razer,‎Classic Black,,,4.7 out of 5 stars,"‎October 26, 2021",,‎PC,,‎5 x 1.68 x 0.1 inches,‎RZ01-04130100-R3U1,‎3.68 ounces,‎Razer,,,,,‎Battery Powered,‎5 x 1.68 x 0.1 inches,‎DeathAdder V2 X HyperSpeed,,,https://m.media-amazon.com/images/I/31CurDnmzzL.jpg,https://m.media-amazon.com/images/I/511q-N-NkML.jpg,https://m.media-amazon.com/images/I/61BrIBUtfRL.jpg,https://m.media-amazon.com/images/I/41+iHVfYQDL.jpg,https://m.media-amazon.com/images/I/41stGPLaE0L.jpg,Razer,Classic Black,Bluetooth,Optical,"Wireless, Programmable Buttons, Ergonomic Design",19,https://www.amazon.com/s?k=gamming+mouse&crid=3J4TXQQ91TBSQ&sprefix=gamming+mouse%2Caps%2C90&ref=nb_sb_noss_2
"Logitech G Pro Wireless Gaming Mouse with Esports Grade Performance, Black",B07GCKQD77,79.99,79.99,$129.99,129.99,,0.0,$,In Stock In Stock,,True,,4.7,13761,"Video Games, PC, Accessories, Gaming Mice","Made with and for Pro Gamers: G Pro Wireless Gaming Mouse is the result of two years of work with professional esports gamers, combing advanced technologies in an ultra-lightweight design, Light-speed Wireless: Pro grade performance overcomes the traditional limitations of wireless latency, connectivity and power to deliver a rock solid, super-fast 1 millisecond report rate connection, Hero 25K sensor through a software update from G HUB, this upgrade is free to all players: Logitech's most accurate sensor yet with up to 25,600 DPI and 10X the power efficiency of previous generation for the ultimate in wireless gaming speed, accuracy and responsiveness. Microprocessor: 32-bit ARM, Ultra-lightweight: Innovative endoskeleton design creates a super-thin yet incredibly strong outer shell, enabling the body to weigh in at a remarkably light and maneuverable 80 grams., Ergonomic ambidextrous design: Tournament ready mouse developed with Esports pros for maximum comfort, control and 50 million click durability. Four removable side buttons for supreme customization. Cable length: 1.80 meters, Note: Kindly refer user guide before use. Requirements-Windows 7 or later, macOS 10.11 or later, Chrome OS, 1 year hardware limited warranty, Max. acceleration: >1.41 oz (40 g) . Tested on Logitech G240 Gaming Mouse Pad","Designed over two years with direct input from many professional esports players, Logitech G PRO Wireless Gaming Mouse is built to the exacting standards of some of the world's top esports professionals. PRO Wireless gaming mouse is purpose built for extreme performance and includes the latest and most advanced technologies available. Featuring Lightspeed technology, PRO Wireless overcomes the limitations of latency, connectivity and power to provide rock solid and super-fast 1 mms report rate connection. PRO Wireless gaming mouse is also equipped with the next generation version of the HERO sensor. HERO 16K is the highest performing and most power efficient gaming sensor that Logitech has ever made for pixel precise targeting in fps and mob games. An incredibly lightweight endoskeleton and ergonomic design improve maneuverability and comfort while removable side buttons and programmable LIGHTSYNC RGB lighting give you the ultimate in mouse customization.",,,,https://www.amazon.com/Logitech-Wireless-Gaming-Esports-Performance/dp/B07GCKQD77,https://www.amazon.com/Logitech-Wireless-Gaming-Esports-Performance/dp/B07GCKQD77/ref=sr_1_20?crid=3J4TXQQ91TBSQ&dib=eyJ2IjoiMSJ9.qlUbWyfLl9YUG9reCBLGyLkzXg8Tsght27ND92R7Ito3AxjydayEbMSjniaTkLmzoVR6_O4ThLAZvxvLuhJ1nipXoxc_8OSOhjcKvN_ycWK1yVS2JJmfXnTZeKwAc1I4DrYz6oAXH9OB_2g-jApgC_Zxqy9w8IYOBxZS0QdXSUkJpG1uVzDnzkX25wkhgAUqbZdcTVMDRcpoTiewtOYwbP4SwDvpwdNlaq1vsBDTmLo.v52XXhjfIgC_Hz4sUcxe3lo_ApSg4LE7tl_NK1dNw_Q&dib_tag=se&keywords=gaming+mouse&qid=1717863856&sprefix=gamming+mouse%2Caps%2C90&sr=8-20,https://www.amazon.com/s?k=gaming+mouse&page=2&crid=3J4TXQQ91TBSQ&qid=1717863854&sprefix=gamming+mouse%2Caps%2C90&ref=sr_pg_2,Logitech G Store,https://www.amazon.com/stores/LogitechG/page/0F4BFDF6-CD4A-4A8C-83A2-3104165D740C?ref_=ast_bln&store_ref=bl_ast_dp_brandLogo_sto,,‎1 Lithium Polymer batteries required. (included),#274 in Video Games ( See Top 100 in Video Games ) #11 in Mac Accessories #17 in PC Gaming Mice,‎Logitech G,‎Black,,‎China,4.7 out of 5 stars,"‎August 13, 2018",,‎Mac,‎No,‎1.57 x 2.5 x 4.92 inches,‎910-005270,‎2.88 ounces,‎Logitech,"‎Chrome OS, Windows 7",,,,‎Battery Powered,‎1.57 x 2.5 x 4.92 inches,‎Pro Wireless Gaming Mouse,,,https://m.media-amazon.com/images/I/31uyNiJjjyL.jpg,https://m.media-amazon.com/images/I/41+kE3HeHUL.jpg,https://m.media-amazon.com/images/I/41eWjiW6QaL.jpg,https://m.media-amazon.com/images/I/41Nxn5kqo6L.jpg,https://m.media-amazon.com/images/I/41YWq7XvMcL.jpg,Logitech G,Black,Wireless,Optical,Wireless,20,https://www.amazon.com/s?k=gamming+mouse&crid=3J4TXQQ91TBSQ&sprefix=gamming+mouse%2Caps%2C90&ref=nb_sb_noss_2
